-- phpMyAdmin SQL Dump
-- version 5.2.0
-- https://www.phpmyadmin.net/
--
-- Anamakine: 127.0.0.1
-- Üretim Zamanı: 07 Ara 2022, 14:23:46
-- Sunucu sürümü: 10.4.27-MariaDB
-- PHP Sürümü: 8.1.12

SET SQL_MODE = "NO_AUTO_VALUE_ON_ZERO";
START TRANSACTION;
SET time_zone = "+00:00";


/*!40101 SET @OLD_CHARACTER_SET_CLIENT=@@CHARACTER_SET_CLIENT */;
/*!40101 SET @OLD_CHARACTER_SET_RESULTS=@@CHARACTER_SET_RESULTS */;
/*!40101 SET @OLD_COLLATION_CONNECTION=@@COLLATION_CONNECTION */;
/*!40101 SET NAMES utf8mb4 */;

--
-- Veritabanı: `ecommerce_api`
--

-- --------------------------------------------------------

--
-- Tablo için tablo yapısı `failed_jobs`
--

CREATE TABLE `failed_jobs` (
  `id` bigint(20) UNSIGNED NOT NULL,
  `uuid` varchar(255) NOT NULL,
  `connection` text NOT NULL,
  `queue` text NOT NULL,
  `payload` longtext NOT NULL,
  `exception` longtext NOT NULL,
  `failed_at` timestamp NOT NULL DEFAULT current_timestamp()
) ENGINE=InnoDB DEFAULT CHARSET=utf8mb4 COLLATE=utf8mb4_unicode_ci;

-- --------------------------------------------------------

--
-- Tablo için tablo yapısı `migrations`
--

CREATE TABLE `migrations` (
  `id` int(10) UNSIGNED NOT NULL,
  `migration` varchar(255) NOT NULL,
  `batch` int(11) NOT NULL
) ENGINE=InnoDB DEFAULT CHARSET=utf8mb4 COLLATE=utf8mb4_unicode_ci;

--
-- Tablo döküm verisi `migrations`
--

INSERT INTO `migrations` (`id`, `migration`, `batch`) VALUES
(1, '2014_10_12_000000_create_users_table', 1),
(2, '2014_10_12_100000_create_password_resets_table', 1),
(3, '2019_08_19_000000_create_failed_jobs_table', 1),
(4, '2019_12_14_000001_create_personal_access_tokens_table', 1),
(5, '2022_12_07_091720_create_products_table', 1),
(6, '2022_12_07_091744_create_reviews_table', 1);

-- --------------------------------------------------------

--
-- Tablo için tablo yapısı `password_resets`
--

CREATE TABLE `password_resets` (
  `email` varchar(255) NOT NULL,
  `token` varchar(255) NOT NULL,
  `created_at` timestamp NULL DEFAULT NULL
) ENGINE=InnoDB DEFAULT CHARSET=utf8mb4 COLLATE=utf8mb4_unicode_ci;

-- --------------------------------------------------------

--
-- Tablo için tablo yapısı `personal_access_tokens`
--

CREATE TABLE `personal_access_tokens` (
  `id` bigint(20) UNSIGNED NOT NULL,
  `tokenable_type` varchar(255) NOT NULL,
  `tokenable_id` bigint(20) UNSIGNED NOT NULL,
  `name` varchar(255) NOT NULL,
  `token` varchar(64) NOT NULL,
  `abilities` text DEFAULT NULL,
  `last_used_at` timestamp NULL DEFAULT NULL,
  `expires_at` timestamp NULL DEFAULT NULL,
  `created_at` timestamp NULL DEFAULT NULL,
  `updated_at` timestamp NULL DEFAULT NULL
) ENGINE=InnoDB DEFAULT CHARSET=utf8mb4 COLLATE=utf8mb4_unicode_ci;

-- --------------------------------------------------------

--
-- Tablo için tablo yapısı `products`
--

CREATE TABLE `products` (
  `id` bigint(20) UNSIGNED NOT NULL,
  `name` varchar(255) NOT NULL,
  `detail` text NOT NULL,
  `price` decimal(8,2) NOT NULL,
  `stock` int(11) NOT NULL,
  `discount` decimal(8,2) NOT NULL,
  `created_at` timestamp NULL DEFAULT NULL,
  `updated_at` timestamp NULL DEFAULT NULL
) ENGINE=InnoDB DEFAULT CHARSET=utf8mb4 COLLATE=utf8mb4_unicode_ci;

--
-- Tablo döküm verisi `products`
--

INSERT INTO `products` (`id`, `name`, `detail`, `price`, `stock`, `discount`, `created_at`, `updated_at`) VALUES
(1, 'excepturi', 'Magnam alias dicta quasi aut quis ex. Maiores quae consequatur suscipit. Dolorem quis aut delectus odio sed. Neque distinctio nulla repellat quidem fuga.', '693.00', 5, '4.00', '2022-12-07 07:05:43', '2022-12-07 07:05:43'),
(2, 'beatae', 'Est omnis quasi fugit eum eaque. Cumque cupiditate quisquam doloribus. Qui nemo dolorem qui labore.', '638.00', 9, '5.00', '2022-12-07 07:05:43', '2022-12-07 07:05:43'),
(3, 'ullam', 'Ipsam blanditiis omnis reprehenderit suscipit. Quis expedita sequi vitae saepe ut. Et quod quae enim harum perferendis iure incidunt vero. Soluta nemo molestiae et quisquam.', '652.00', 8, '30.00', '2022-12-07 07:05:43', '2022-12-07 07:05:43'),
(4, 'et', 'Modi rerum optio ipsam adipisci velit expedita. Corporis iure rerum sint molestiae est deserunt. Minus earum id repellendus ut quia.', '531.00', 8, '12.00', '2022-12-07 07:05:43', '2022-12-07 07:05:43'),
(5, 'officiis', 'Nihil qui impedit a eaque autem sit enim. Autem repellendus sint quaerat deserunt. Est magnam voluptas neque autem aspernatur est quidem.', '253.00', 9, '16.00', '2022-12-07 07:05:43', '2022-12-07 07:05:43'),
(6, 'deserunt', 'Reiciendis dolorum et excepturi aperiam dicta. Tempora molestiae natus quia nostrum. Reprehenderit et officia et iure. Fuga aut qui facilis blanditiis quod eum in.', '682.00', 5, '21.00', '2022-12-07 07:05:43', '2022-12-07 07:05:43'),
(7, 'quia', 'Aut voluptatibus et nam voluptas saepe quas amet. Sunt enim eligendi tempora doloribus tempora est. Reiciendis ea inventore nostrum placeat quia.', '220.00', 9, '12.00', '2022-12-07 07:05:43', '2022-12-07 07:05:43'),
(8, 'quis', 'Accusantium provident consequatur voluptatem libero adipisci voluptatem. Porro eveniet corporis et voluptatibus asperiores saepe quia.', '550.00', 6, '16.00', '2022-12-07 07:05:43', '2022-12-07 07:05:43'),
(9, 'ut', 'Quasi exercitationem quod unde provident ab saepe vel. Magni molestiae dicta commodi ut. Aut aut tenetur voluptatem sequi. Natus doloremque sed suscipit sed dolores aliquam totam.', '762.00', 7, '6.00', '2022-12-07 07:05:43', '2022-12-07 07:05:43'),
(10, 'cum', 'Repellendus illum eaque fuga quas quibusdam necessitatibus laudantium ut. Laborum non amet nam qui. Cumque aut exercitationem repellat debitis ad.', '959.00', 1, '17.00', '2022-12-07 07:05:43', '2022-12-07 07:05:43'),
(11, 'alias', 'In id numquam beatae quibusdam quo laborum aliquid. Quam rerum doloremque dolore aut tempore nesciunt reprehenderit.', '702.00', 5, '23.00', '2022-12-07 07:05:43', '2022-12-07 07:05:43'),
(12, 'unde', 'Aspernatur nobis voluptates esse architecto. Mollitia quia enim recusandae vel. Aperiam non est est et quis ut.', '262.00', 0, '25.00', '2022-12-07 07:05:43', '2022-12-07 07:05:43'),
(13, 'totam', 'Aut eos qui deleniti veritatis ea officia. Voluptas provident qui laboriosam dicta. Dolor voluptas nostrum tenetur ut.', '606.00', 3, '28.00', '2022-12-07 07:05:43', '2022-12-07 07:05:43'),
(14, 'beatae', 'Totam sint repudiandae sequi numquam quas assumenda. Nulla dolor voluptas magnam asperiores. Eos quo vel sunt omnis praesentium maxime.', '742.00', 5, '29.00', '2022-12-07 07:05:43', '2022-12-07 07:05:43'),
(15, 'ea', 'Facilis consectetur nisi ab. Et ut qui atque dolorem. Fuga voluptatem adipisci ipsa qui culpa dolor laborum. Exercitationem iste quisquam est illo corporis harum praesentium. Hic enim pariatur voluptas ut dolores modi numquam et.', '775.00', 1, '14.00', '2022-12-07 07:05:43', '2022-12-07 07:05:43'),
(16, 'reiciendis', 'Aut voluptate suscipit sed amet suscipit sed. Magni similique qui vero id. Autem facilis soluta laudantium inventore.', '256.00', 7, '6.00', '2022-12-07 07:05:43', '2022-12-07 07:05:43'),
(17, 'id', 'Molestiae repellat magni autem minima et. Adipisci aut officia ad similique quia magni reiciendis. Fugiat pariatur unde ipsam rem neque omnis quos. At nihil corporis et id molestiae.', '542.00', 5, '11.00', '2022-12-07 07:05:43', '2022-12-07 07:05:43'),
(18, 'dolore', 'Est et necessitatibus inventore quia velit ut. Consequatur id cumque commodi et amet facere. Dolore a culpa et et est recusandae officiis tempore.', '257.00', 4, '11.00', '2022-12-07 07:05:43', '2022-12-07 07:05:43'),
(19, 'aperiam', 'Soluta ad qui hic et est ipsam vero. Quae expedita sint officia et. Reiciendis ipsa accusamus praesentium officia est ratione ipsam eveniet.', '849.00', 5, '25.00', '2022-12-07 07:05:43', '2022-12-07 07:05:43'),
(20, 'deserunt', 'Aspernatur minima laudantium optio excepturi cupiditate eaque. Et quis ut aperiam. Vero enim quia veniam impedit.', '314.00', 7, '4.00', '2022-12-07 07:05:43', '2022-12-07 07:05:43'),
(21, 'qui', 'Non qui repellat mollitia eos sunt optio voluptatem sed. Assumenda delectus non nisi. Quia voluptate est nobis corrupti quo laudantium inventore. Quaerat reprehenderit perferendis quis ea reiciendis adipisci consequatur ullam.', '173.00', 4, '16.00', '2022-12-07 07:05:43', '2022-12-07 07:05:43'),
(22, 'ipsum', 'Cum et quos consequatur quo. Deleniti mollitia saepe quod dolor accusamus numquam hic. Labore et et repudiandae dolor. Ut quidem ullam aut aut ut voluptatem tenetur.', '765.00', 5, '19.00', '2022-12-07 07:05:43', '2022-12-07 07:05:43'),
(23, 'est', 'Sapiente corporis minima ut quia ipsam voluptatem. Illum sapiente quo laboriosam natus autem temporibus. Nemo ratione qui blanditiis nesciunt voluptates autem est.', '663.00', 4, '15.00', '2022-12-07 07:05:43', '2022-12-07 07:05:43'),
(24, 'ut', 'Harum maiores quisquam quis totam harum et. Porro dolorem quisquam iste id. Impedit magni ut deserunt. Dolor neque et quidem repudiandae.', '364.00', 3, '29.00', '2022-12-07 07:05:43', '2022-12-07 07:05:43'),
(25, 'culpa', 'Officiis nostrum repellendus consequuntur aut. Harum sequi voluptas placeat eligendi. Voluptatum omnis est optio eos laboriosam consequatur. Nostrum laborum quasi id nihil.', '399.00', 6, '2.00', '2022-12-07 07:05:43', '2022-12-07 07:05:43'),
(26, 'aliquid', 'Architecto a aut quia voluptate. Debitis ipsam natus dicta. Et nulla dignissimos nihil officia voluptatibus.', '201.00', 6, '2.00', '2022-12-07 07:05:43', '2022-12-07 07:05:43'),
(27, 'nihil', 'Similique minus autem officiis reprehenderit nobis quae excepturi. Qui ratione itaque sit sunt.', '363.00', 9, '16.00', '2022-12-07 07:05:43', '2022-12-07 07:05:43'),
(28, 'nobis', 'Velit voluptatem dolores voluptatum iure. Nobis alias dolores voluptatum architecto cumque aut rerum. Dolores incidunt vero quia sed voluptatum quae atque.', '459.00', 9, '9.00', '2022-12-07 07:05:43', '2022-12-07 07:05:43'),
(29, 'doloremque', 'Commodi aliquid quod recusandae quasi in eaque dolores. Exercitationem magnam dicta a. Aut nulla cumque voluptate atque in ab impedit. Et qui voluptas repellendus qui eum. Voluptatem vel et voluptas est.', '839.00', 5, '5.00', '2022-12-07 07:05:43', '2022-12-07 07:05:43'),
(30, 'rerum', 'Quam adipisci aut voluptates iste repudiandae odit. Expedita minus est tempore suscipit non est accusamus. Tempore voluptatem laboriosam est. Molestiae est mollitia corrupti natus in quae quia necessitatibus.', '106.00', 4, '14.00', '2022-12-07 07:05:43', '2022-12-07 07:05:43'),
(31, 'exercitationem', 'Dignissimos tenetur vitae veniam illo. Molestiae et sit architecto commodi voluptatem. Ea cupiditate labore repudiandae aut.', '871.00', 8, '2.00', '2022-12-07 07:05:43', '2022-12-07 07:05:43'),
(32, 'est', 'Dolor quod voluptas enim nesciunt vitae. Facilis reiciendis quidem quo dolor quam et alias sequi. Est aut rerum et fuga est tempore maxime. Ut non ea quia.', '906.00', 0, '13.00', '2022-12-07 07:05:43', '2022-12-07 07:05:43'),
(33, 'sint', 'Voluptates consequatur nulla et provident corrupti quo. Amet et quia similique. Quo suscipit excepturi eum excepturi similique animi et. Ea ea natus odio mollitia amet labore cum exercitationem.', '356.00', 0, '21.00', '2022-12-07 07:05:43', '2022-12-07 07:05:43'),
(34, 'reprehenderit', 'Similique soluta repudiandae nihil facere cumque repellat corrupti. Explicabo nihil rerum consequatur est at. Nulla placeat nesciunt eveniet repudiandae id error sequi.', '135.00', 1, '27.00', '2022-12-07 07:05:43', '2022-12-07 07:05:43'),
(35, 'nostrum', 'Et pariatur possimus officiis voluptas natus repellendus. Possimus dicta ipsam velit facilis. Quia error dolorem impedit suscipit excepturi. Quod voluptatem nam quod blanditiis ipsa quia sapiente.', '732.00', 0, '16.00', '2022-12-07 07:05:43', '2022-12-07 07:05:43'),
(36, 'fugit', 'Ipsa numquam dolorum expedita facere nam quia nihil. Nostrum est ipsa possimus. Laboriosam ad ad totam rerum eligendi. Quasi ipsam voluptatibus fuga facere vitae optio.', '822.00', 8, '8.00', '2022-12-07 07:05:43', '2022-12-07 07:05:43'),
(37, 'sint', 'Ut architecto quidem explicabo vel cupiditate. Commodi repudiandae autem tempora reiciendis soluta rerum. Possimus est sit voluptas aperiam nesciunt accusantium. Et aut est maiores odit aut numquam minus.', '273.00', 0, '13.00', '2022-12-07 07:05:43', '2022-12-07 07:05:43'),
(38, 'libero', 'Sunt magni odio eligendi animi officia qui ratione. Dolores explicabo nisi alias deleniti beatae aliquam qui ut. Magnam saepe consequatur ut.', '439.00', 3, '26.00', '2022-12-07 07:05:43', '2022-12-07 07:05:43'),
(39, 'itaque', 'Veritatis sunt sed autem vitae. At consequatur a quos est rerum aperiam aut. Voluptatem consectetur non voluptates ut. Enim aliquam dolore dolores deserunt.', '397.00', 5, '5.00', '2022-12-07 07:05:43', '2022-12-07 07:05:43'),
(40, 'eligendi', 'Sunt cum reiciendis voluptates quia harum. Est dolorem commodi reprehenderit et illum eligendi consequatur. Autem quam quisquam vero illum rerum at.', '819.00', 7, '3.00', '2022-12-07 07:05:43', '2022-12-07 07:05:43'),
(41, 'id', 'Aliquid eum impedit fuga dolor quis. Explicabo sed sint consequuntur distinctio voluptatum sit optio. Magni facere velit soluta quis porro hic. Ut eaque ullam suscipit.', '830.00', 5, '22.00', '2022-12-07 07:05:43', '2022-12-07 07:05:43'),
(42, 'nihil', 'Illum consequatur a eius cum sit autem ut. Non quisquam sunt qui omnis necessitatibus ea sed. Et ratione ipsa ut dolores.', '836.00', 2, '12.00', '2022-12-07 07:05:43', '2022-12-07 07:05:43'),
(43, 'dolorem', 'Est vero sapiente laboriosam blanditiis et id molestias. Rem culpa earum ab est non ab aut. Aspernatur placeat et eos eum recusandae cum.', '925.00', 6, '18.00', '2022-12-07 07:05:43', '2022-12-07 07:05:43'),
(44, 'nesciunt', 'Nostrum repellendus accusamus quasi odio et reiciendis ut. Assumenda animi voluptas molestias sit. Sed asperiores voluptatem et sed ut. Culpa velit sint et et dolores est.', '294.00', 1, '24.00', '2022-12-07 07:05:43', '2022-12-07 07:05:43'),
(45, 'recusandae', 'Temporibus earum omnis ipsum saepe recusandae sed ut. Voluptatibus et cumque voluptatem beatae possimus et voluptas. Dolor consequatur quia in iste. Itaque quia itaque occaecati porro.', '104.00', 6, '6.00', '2022-12-07 07:05:43', '2022-12-07 07:05:43'),
(46, 'quo', 'Dignissimos necessitatibus nesciunt saepe aut placeat at. Eaque dolores perferendis sunt cum minima. Ipsum excepturi dolores et perspiciatis repellat recusandae.', '998.00', 8, '15.00', '2022-12-07 07:05:43', '2022-12-07 07:05:43'),
(47, 'quo', 'Et ut autem est nihil voluptatem porro pariatur doloribus. Molestias ut et ab sit pariatur facilis. Delectus sit molestiae sit rerum quam neque.', '836.00', 9, '11.00', '2022-12-07 07:05:43', '2022-12-07 07:05:43'),
(48, 'mollitia', 'Id vero fuga odit quia. Commodi debitis omnis quos dolores. Voluptatem tempore quis quaerat autem similique. Eaque aspernatur aut autem magnam aut. Nemo sed saepe eligendi molestiae quia ipsum.', '630.00', 4, '3.00', '2022-12-07 07:05:43', '2022-12-07 07:05:43'),
(49, 'explicabo', 'Repellendus ut ut eum optio sunt. Et porro velit sed corporis amet ab aliquam autem. Aut ex aut voluptas necessitatibus sit harum sequi.', '794.00', 1, '12.00', '2022-12-07 07:05:43', '2022-12-07 07:05:43'),
(50, 'in', 'Aut fugit atque repellendus sed sed. Culpa eum ea vel sint. Molestiae saepe nesciunt ducimus ut animi.', '375.00', 7, '2.00', '2022-12-07 07:05:43', '2022-12-07 07:05:43');

-- --------------------------------------------------------

--
-- Tablo için tablo yapısı `reviews`
--

CREATE TABLE `reviews` (
  `id` bigint(20) UNSIGNED NOT NULL,
  `product_id` bigint(20) UNSIGNED NOT NULL,
  `customer` varchar(255) NOT NULL,
  `review` text NOT NULL,
  `star` tinyint(4) NOT NULL,
  `created_at` timestamp NULL DEFAULT NULL,
  `updated_at` timestamp NULL DEFAULT NULL
) ENGINE=InnoDB DEFAULT CHARSET=utf8mb4 COLLATE=utf8mb4_unicode_ci;

--
-- Tablo döküm verisi `reviews`
--

INSERT INTO `reviews` (`id`, `product_id`, `customer`, `review`, `star`, `created_at`, `updated_at`) VALUES
(1, 20, 'Bernice Lehner', 'Pariatur est placeat eveniet eos et neque ipsa. Nihil et sed voluptatem quas impedit est. Blanditiis quia omnis consequatur nemo accusamus voluptatem aut.', 2, '2022-12-07 07:05:43', '2022-12-07 07:05:43'),
(2, 31, 'Crystal Ullrich', 'Non non placeat quibusdam recusandae consequuntur eum. Et eaque itaque facilis molestiae adipisci nemo. Molestiae suscipit sed dolores iste aut quia consequatur est.', 5, '2022-12-07 07:05:43', '2022-12-07 07:05:43'),
(3, 5, 'Alexander Donnelly DVM', 'Ullam voluptas dolores voluptatibus sequi neque sit sunt. Veritatis ut dolorum est ipsa. Quas culpa facilis sed occaecati.', 2, '2022-12-07 07:05:43', '2022-12-07 07:05:43'),
(4, 4, 'Lisa Gottlieb PhD', 'Enim sed aspernatur in et autem dolor non et. Accusamus ut dolores velit aut doloribus. Enim et cum nobis debitis dolor omnis. Inventore a a aut non.', 5, '2022-12-07 07:05:43', '2022-12-07 07:05:43'),
(5, 33, 'Prof. Johnathon Hoeger', 'Fugit molestiae vero doloremque quos porro et. Delectus accusantium incidunt corrupti ipsam molestiae ab. Magnam voluptate deleniti eveniet est cum.', 2, '2022-12-07 07:05:43', '2022-12-07 07:05:43'),
(6, 48, 'Shayna Labadie', 'Quos non voluptates quis quasi. Qui eius repellat ipsum consequatur libero aut hic ut. Exercitationem illo non aperiam dolor.', 4, '2022-12-07 07:05:43', '2022-12-07 07:05:43'),
(7, 3, 'Amely Kessler III', 'Eaque laudantium provident iusto est. Necessitatibus quae dicta ipsam saepe.', 4, '2022-12-07 07:05:43', '2022-12-07 07:05:43'),
(8, 30, 'Daron McKenzie IV', 'Error quod veniam vitae sed reiciendis sed sed nostrum. At et voluptatem iste voluptatem quia qui corporis. Non ullam assumenda quia velit earum excepturi quam.', 2, '2022-12-07 07:05:43', '2022-12-07 07:05:43'),
(9, 31, 'Jennie Funk', 'Et commodi culpa reprehenderit magnam omnis tempora. In impedit ex numquam ratione iste ut. Possimus quia dignissimos dolore totam labore. Dolor sed laborum sunt totam vel voluptates error quisquam.', 1, '2022-12-07 07:05:43', '2022-12-07 07:05:43'),
(10, 23, 'Matteo Greenfelder', 'Possimus ut numquam odio dolor itaque recusandae nam. Est nesciunt tempora sit laboriosam et dolor est. Qui totam debitis esse nisi deleniti.', 5, '2022-12-07 07:05:43', '2022-12-07 07:05:43'),
(11, 35, 'Annette Parisian', 'Fuga nesciunt quia tempore error omnis ipsam. Iusto occaecati esse fuga. Soluta qui alias et est autem voluptatum sit illum.', 2, '2022-12-07 07:05:43', '2022-12-07 07:05:43'),
(12, 34, 'Destany Pacocha DDS', 'Ad repellat incidunt odio sed qui. Eligendi quibusdam pariatur eveniet doloribus et nisi. Voluptas molestiae nostrum dicta et minima.', 2, '2022-12-07 07:05:43', '2022-12-07 07:05:43'),
(13, 11, 'Dr. Jalen Windler PhD', 'Sed velit aliquam delectus amet unde nihil. Reprehenderit laudantium ratione cupiditate dolores nihil iure nemo. Voluptates velit velit nobis. Quisquam repellat inventore nihil a.', 1, '2022-12-07 07:05:43', '2022-12-07 07:05:43'),
(14, 48, 'Mr. Nicholaus Kreiger I', 'Blanditiis earum iste quia sint sed. Perferendis quis minus ipsum voluptatibus. Velit sunt molestiae et in. Quaerat fugiat recusandae quia sequi ad qui dolorem.', 5, '2022-12-07 07:05:43', '2022-12-07 07:05:43'),
(15, 20, 'Kody Bogan', 'Labore natus architecto quo ut rerum veritatis recusandae. Qui molestiae ut odit explicabo officia. Explicabo fugit facilis sequi quia in nesciunt. Totam quisquam ducimus alias cumque saepe quibusdam qui.', 1, '2022-12-07 07:05:43', '2022-12-07 07:05:43'),
(16, 14, 'Lizeth Schamberger', 'Natus perferendis tenetur laborum expedita dicta mollitia. Ex ea dolorum aut maiores. Et consequatur ut et hic.', 1, '2022-12-07 07:05:43', '2022-12-07 07:05:43'),
(17, 14, 'Ulices Tillman II', 'Nulla ratione saepe et assumenda velit sed quas. Rem sunt aut iste quas quod quo impedit. Quia doloribus aspernatur omnis. Quod a omnis eum nihil.', 1, '2022-12-07 07:05:43', '2022-12-07 07:05:43'),
(18, 44, 'Adolf Skiles', 'Omnis aliquam ullam distinctio earum eos quo. Cupiditate repudiandae nesciunt animi laborum voluptate minima deserunt nam. Nostrum provident dolor veniam.', 4, '2022-12-07 07:05:43', '2022-12-07 07:05:43'),
(19, 38, 'Eladio Ziemann DVM', 'Tenetur odio itaque sapiente eos. Molestiae consequuntur molestiae qui rem quo qui. Ipsa et ut non quo nam est ut.', 3, '2022-12-07 07:05:43', '2022-12-07 07:05:43'),
(20, 50, 'Johnny Terry', 'Eos ipsam non voluptatibus ut repellendus magnam. Ducimus saepe velit id unde ab voluptate.', 4, '2022-12-07 07:05:43', '2022-12-07 07:05:43'),
(21, 16, 'Halle Weber V', 'Porro qui aspernatur incidunt sed. Velit aut voluptatem minus labore voluptatum iusto. Vitae commodi odio ex est. Est totam vero ex cum aut eos.', 3, '2022-12-07 07:05:43', '2022-12-07 07:05:43'),
(22, 13, 'Mr. Domenico Harber', 'Maiores consequatur aut soluta quis fuga qui accusamus. Reprehenderit omnis et optio quos dolor. Doloremque et ullam excepturi voluptatem quas et. Voluptatem corporis exercitationem voluptate ut culpa velit consequatur.', 5, '2022-12-07 07:05:43', '2022-12-07 07:05:43'),
(23, 3, 'Nathaniel Kshlerin', 'At iusto illum molestiae corporis corrupti a. At sit enim iure dolor id. Et molestiae cum architecto sed unde consequatur laboriosam optio. Et hic totam autem esse.', 2, '2022-12-07 07:05:43', '2022-12-07 07:05:43'),
(24, 36, 'Cyrus Stark', 'Voluptatem autem itaque officia et dolorem. Voluptatum corporis adipisci tenetur. Et sed suscipit nihil et.', 4, '2022-12-07 07:05:43', '2022-12-07 07:05:43'),
(25, 1, 'Dessie Williamson', 'Pariatur repudiandae iusto tenetur sapiente nemo est repellat. Nostrum eaque doloremque aperiam incidunt excepturi adipisci. Cumque fugiat vero facere laboriosam odio exercitationem quod ut. Nesciunt voluptatum et et.', 2, '2022-12-07 07:05:43', '2022-12-07 07:05:43'),
(26, 36, 'Emmanuel McLaughlin', 'Molestiae qui et qui saepe labore voluptas distinctio. Ipsam aut eum unde non accusantium ea et similique. Et deleniti tempore et aut rerum hic ut. Et blanditiis et illum nemo molestias non nam. Necessitatibus velit consequatur reprehenderit.', 2, '2022-12-07 07:05:43', '2022-12-07 07:05:43'),
(27, 50, 'Chyna Abernathy', 'Ab autem reiciendis tempora sint delectus. Aut id velit tempore rerum qui rerum aut.', 4, '2022-12-07 07:05:43', '2022-12-07 07:05:43'),
(28, 14, 'Henderson McCullough IV', 'Culpa tenetur perferendis eos consequuntur illum aperiam qui. Tempora debitis voluptatem repellendus asperiores enim. Non ipsum voluptas assumenda blanditiis id ut. Aut quis laboriosam repellendus exercitationem voluptatem consequuntur temporibus.', 3, '2022-12-07 07:05:43', '2022-12-07 07:05:43'),
(29, 50, 'Hermina Nicolas', 'Nobis qui modi molestiae odio inventore vero eum. Aut aut cupiditate vel ipsum quisquam expedita porro. Architecto numquam optio veniam perferendis necessitatibus animi sit.', 4, '2022-12-07 07:05:43', '2022-12-07 07:05:43'),
(30, 20, 'Filiberto Williamson', 'Aut saepe quia quam suscipit dolorem et in. Error accusamus enim sed aut libero. Laborum laboriosam a sunt dolorem et nesciunt.', 1, '2022-12-07 07:05:43', '2022-12-07 07:05:43'),
(31, 40, 'Maximillia O\'Connell', 'Quisquam eius fugit accusamus dolores sint. Nemo quia distinctio laborum quo tenetur. Eum voluptatem molestias quia aliquam et. Distinctio atque aut qui ut dolore corporis. Corporis eligendi cum vel necessitatibus.', 4, '2022-12-07 07:05:43', '2022-12-07 07:05:43'),
(32, 10, 'Jewel Romaguera', 'Nihil qui non nesciunt voluptas ipsam cupiditate placeat. Quasi modi rerum repudiandae dicta et eum. Labore nobis vel vero provident est.', 2, '2022-12-07 07:05:43', '2022-12-07 07:05:43'),
(33, 18, 'Sofia Conn', 'Sit quos hic et enim est eaque quisquam molestiae. Sequi unde eos sed voluptates maiores qui libero sunt. Reiciendis rem incidunt quae quia quod omnis architecto. Provident dolorum similique ipsum aut blanditiis.', 4, '2022-12-07 07:05:43', '2022-12-07 07:05:43'),
(34, 39, 'Adella Wyman', 'Esse repellat maiores eum quisquam. Neque fuga sapiente et error. Reiciendis et doloremque nihil eum mollitia.', 3, '2022-12-07 07:05:43', '2022-12-07 07:05:43'),
(35, 21, 'Mrs. Dulce Mosciski Sr.', 'Modi vitae excepturi recusandae aliquam repellat aliquam itaque. Asperiores ut est voluptatem omnis. Deserunt illum dolorum vel reiciendis iusto temporibus quae. Beatae repudiandae velit sed eos incidunt mollitia ea.', 5, '2022-12-07 07:05:43', '2022-12-07 07:05:43'),
(36, 30, 'Dr. Keenan Spencer', 'Magnam assumenda blanditiis aut at et. Tempora laudantium sed esse non nihil qui. Voluptatum delectus eius excepturi dolor molestiae. Excepturi qui earum enim et voluptatum porro.', 2, '2022-12-07 07:05:43', '2022-12-07 07:05:43'),
(37, 32, 'Ms. Nadia Mayer Jr.', 'Et officia doloribus animi natus necessitatibus. Aperiam tempora et sed. Ea et nulla adipisci tempore.', 1, '2022-12-07 07:05:43', '2022-12-07 07:05:43'),
(38, 3, 'Dr. Meghan Considine I', 'Et expedita nobis fuga molestiae quia est ducimus omnis. Officiis rerum ex a soluta praesentium suscipit. Accusantium et velit aut impedit. Fuga vitae qui eligendi sed omnis laboriosam.', 3, '2022-12-07 07:05:43', '2022-12-07 07:05:43'),
(39, 23, 'Tianna Donnelly MD', 'Itaque rem omnis explicabo aut assumenda laborum. Necessitatibus dolores sed asperiores voluptatem excepturi. Harum beatae rerum iste sit facere.', 5, '2022-12-07 07:05:43', '2022-12-07 07:05:43'),
(40, 27, 'Treva Powlowski', 'Aliquid eos et dolor dolorem. Tempore maiores laudantium aliquam provident debitis sint nobis quia. Vel ut sequi porro laudantium distinctio. Doloremque in hic omnis ratione aperiam eos qui.', 1, '2022-12-07 07:05:43', '2022-12-07 07:05:43'),
(41, 5, 'Ms. Makayla Bins', 'Reprehenderit quasi ex iusto eligendi praesentium repellendus. Ut officia qui veniam iste laudantium soluta quisquam. Sed at alias itaque.', 3, '2022-12-07 07:05:43', '2022-12-07 07:05:43'),
(42, 27, 'Aliza Bergstrom III', 'Officia quasi et omnis ipsa. Aut qui quos minima ratione quia. Omnis atque et ex.', 3, '2022-12-07 07:05:43', '2022-12-07 07:05:43'),
(43, 11, 'Mrs. Kenya Dicki I', 'Culpa quia ut perferendis atque. Ipsam quaerat incidunt nisi rerum at aspernatur est deleniti. Ea quia molestiae error.', 2, '2022-12-07 07:05:43', '2022-12-07 07:05:43'),
(44, 12, 'Rosemarie DuBuque', 'Fugiat voluptas ea molestiae iure. Nihil error tenetur non.', 1, '2022-12-07 07:05:43', '2022-12-07 07:05:43'),
(45, 44, 'Dr. Aubrey Smitham', 'Sint quasi qui qui quia rerum doloribus. Sit dolor nobis consectetur excepturi. Blanditiis odit ut accusamus ab ea maiores ab.', 2, '2022-12-07 07:05:43', '2022-12-07 07:05:43'),
(46, 46, 'Florine Langosh MD', 'Cumque soluta sit accusantium doloremque dignissimos harum. Aut aut ipsum officia repudiandae. Iste accusantium tempora qui nostrum beatae assumenda est.', 2, '2022-12-07 07:05:43', '2022-12-07 07:05:43'),
(47, 26, 'Mrs. Jermaine Cremin IV', 'Nihil repellat aut non sit. Nisi modi ab quae error vel et. Libero provident ratione corrupti necessitatibus sed illum.', 1, '2022-12-07 07:05:43', '2022-12-07 07:05:43'),
(48, 47, 'Prof. Wiley McLaughlin', 'Dolorem quasi omnis delectus facilis sapiente et quaerat. Eum odit aliquid distinctio reiciendis veniam. Cum iste iste aut optio consequuntur delectus dignissimos.', 3, '2022-12-07 07:05:43', '2022-12-07 07:05:43'),
(49, 10, 'Miss Meta Dooley', 'Sequi ducimus minima sint tempora. Consequatur laborum in dignissimos molestiae distinctio. Sequi vel omnis rerum.', 3, '2022-12-07 07:05:43', '2022-12-07 07:05:43'),
(50, 44, 'Montana Heathcote', 'Explicabo qui qui libero aliquam. Modi qui consequuntur maiores sit harum totam voluptates consequatur. Cumque unde et deserunt numquam aut nulla sed. Omnis impedit est molestias saepe neque aut fuga.', 2, '2022-12-07 07:05:43', '2022-12-07 07:05:43'),
(51, 19, 'Janiya Bruen', 'Ratione quaerat rerum veritatis. Explicabo maxime aut non aut eius. Eum temporibus reiciendis eius sint.', 2, '2022-12-07 07:05:43', '2022-12-07 07:05:43'),
(52, 19, 'Isai Tromp', 'Temporibus est excepturi voluptatem aut. Voluptatem qui maiores accusamus itaque. Aspernatur exercitationem quisquam voluptas eaque.', 3, '2022-12-07 07:05:43', '2022-12-07 07:05:43'),
(53, 7, 'Eudora Hackett', 'Nemo nobis voluptas qui aspernatur ut. Et et iusto sed nemo corrupti. Voluptatem unde voluptatum quasi dolorem et nisi sunt sequi. Laudantium voluptates consectetur odio et numquam ut. Quod et quis similique natus placeat quis sed.', 3, '2022-12-07 07:05:43', '2022-12-07 07:05:43'),
(54, 18, 'Darrick Dach', 'Fugiat debitis omnis tempore accusamus. Tempora corporis ipsum officiis at. Et illo sit tempora veniam saepe. Optio sint voluptas aut.', 3, '2022-12-07 07:05:43', '2022-12-07 07:05:43'),
(55, 8, 'Eli Kirlin', 'Sit officiis vero velit veniam maiores. Autem eius consequuntur aliquid id. Asperiores quidem aut quos repellat dolorem quisquam minima. Voluptas magni impedit soluta dolores aperiam id et.', 2, '2022-12-07 07:05:43', '2022-12-07 07:05:43'),
(56, 40, 'Muriel Barrows', 'Nesciunt sint velit ipsam autem ipsum sit sed. Nisi facilis et quibusdam saepe minima rerum repellat. Quo quam architecto eum provident neque odio ut.', 1, '2022-12-07 07:05:43', '2022-12-07 07:05:43'),
(57, 44, 'Raphaelle Beatty', 'Consequatur reiciendis quia omnis cum. Expedita adipisci dicta nostrum aut neque odio. Et nemo sed aut alias provident necessitatibus blanditiis nisi. Et delectus perspiciatis qui velit vel quasi.', 5, '2022-12-07 07:05:43', '2022-12-07 07:05:43'),
(58, 21, 'Sasha Crona', 'Et maxime accusantium sed ratione delectus deleniti. Ullam quis tempora voluptate omnis. Voluptas sapiente corporis quaerat id. Possimus occaecati odit molestiae modi ut hic iste quia.', 3, '2022-12-07 07:05:43', '2022-12-07 07:05:43'),
(59, 35, 'Merl McClure II', 'Optio quos dolor minima dolorum debitis. Optio hic eos tempora sint sed nostrum. Sit ut ut qui perspiciatis cupiditate.', 4, '2022-12-07 07:05:43', '2022-12-07 07:05:43'),
(60, 43, 'Mariano Roberts PhD', 'Est minus minima saepe provident autem culpa nihil. Officiis quam hic consequatur aut earum. Culpa harum accusantium sit magnam et eaque sed. Dolores deleniti consequuntur et molestiae doloribus qui quia. Velit cupiditate accusantium perspiciatis quia ut quae sint.', 2, '2022-12-07 07:05:43', '2022-12-07 07:05:43'),
(61, 33, 'Amy Bernhard', 'Reiciendis odio quae fugiat impedit qui corporis et. Corrupti aut voluptate nihil at nobis. Voluptatem fugit esse sit iusto.', 4, '2022-12-07 07:05:43', '2022-12-07 07:05:43'),
(62, 25, 'Mr. Ryann Wyman', 'Officia dignissimos cupiditate illum debitis maiores quasi. Praesentium et sunt minima ut assumenda fugiat dignissimos quo. Adipisci et ducimus numquam.', 3, '2022-12-07 07:05:43', '2022-12-07 07:05:43'),
(63, 39, 'Giovanna Moore DVM', 'Explicabo porro sunt natus et dolorum quia. Non modi a autem velit id fuga at quo. Voluptatum eligendi omnis ea occaecati.', 4, '2022-12-07 07:05:43', '2022-12-07 07:05:43'),
(64, 30, 'Percy Schiller', 'Porro voluptatem iste sunt sed dolorem. Nemo earum non nemo. Aut eum eaque doloribus quaerat assumenda et velit.', 1, '2022-12-07 07:05:43', '2022-12-07 07:05:43'),
(65, 10, 'Antonia Denesik Jr.', 'Nam soluta molestias incidunt et odit dignissimos qui necessitatibus. Et id fugit fuga aut sed quasi. Ipsam itaque labore est soluta. Exercitationem magni omnis adipisci harum.', 5, '2022-12-07 07:05:43', '2022-12-07 07:05:43'),
(66, 39, 'Alexandrea Legros DDS', 'Non possimus nesciunt ut qui fuga. Molestiae ea ea ipsam eligendi iste dolores dolor. Tempore pariatur consectetur cumque aperiam quis et nam explicabo. Et quidem quisquam tempora placeat at molestiae.', 3, '2022-12-07 07:05:43', '2022-12-07 07:05:43'),
(67, 50, 'Loren Streich Jr.', 'Minus eos sapiente sunt omnis dolores. Facilis delectus commodi voluptatum et fugiat sed quis. Aut tempore nesciunt quia vitae. Repellat sed illo possimus.', 1, '2022-12-07 07:05:43', '2022-12-07 07:05:43'),
(68, 26, 'Miss Madelynn Nitzsche', 'Pariatur labore esse placeat a ut cum quidem. Recusandae illum quia reprehenderit magni tempore.', 3, '2022-12-07 07:05:43', '2022-12-07 07:05:43'),
(69, 37, 'Gust Cartwright', 'Quisquam sed ducimus ut debitis et. Tenetur odit et ab nostrum expedita alias. Vel quasi recusandae dicta. Aut a doloremque tenetur reprehenderit sed qui et.', 3, '2022-12-07 07:05:43', '2022-12-07 07:05:43'),
(70, 5, 'Emie Padberg MD', 'Quisquam consequatur laborum culpa assumenda eius quod et. Neque non quis saepe necessitatibus quisquam. Inventore ea ipsam expedita eum necessitatibus recusandae ut. Corrupti debitis iusto quod ut veritatis doloremque rerum.', 5, '2022-12-07 07:05:43', '2022-12-07 07:05:43'),
(71, 13, 'Rafaela Schiller', 'Blanditiis quisquam eos itaque voluptate incidunt dolorem rerum sunt. Culpa sed enim commodi eos maiores eos. Ex vero molestiae facere ab quia sit dolor amet. Aut animi commodi quis doloribus.', 2, '2022-12-07 07:05:43', '2022-12-07 07:05:43'),
(72, 8, 'Gaetano Lynch', 'Quia ea cumque quasi incidunt. Et sit quo autem tempora id similique. Rerum quae doloribus aliquam consequatur dignissimos ut ipsa.', 3, '2022-12-07 07:05:43', '2022-12-07 07:05:43'),
(73, 26, 'Bartholome Block', 'Explicabo et minus animi nesciunt. Nemo totam quis in asperiores facilis magni. Veritatis delectus ea adipisci velit.', 1, '2022-12-07 07:05:43', '2022-12-07 07:05:43'),
(74, 42, 'Betsy Rippin', 'Animi assumenda id corporis assumenda. Eos qui aperiam maxime. Ut cum aut veniam quia nihil vitae atque. Deserunt velit totam illum tempora sunt et.', 4, '2022-12-07 07:05:43', '2022-12-07 07:05:43'),
(75, 50, 'Ms. Dominique Franecki MD', 'Et voluptatem ut quia et cupiditate vel est aliquam. Eos aut optio molestiae quos sapiente natus. Aut id quia voluptas quo.', 2, '2022-12-07 07:05:43', '2022-12-07 07:05:43'),
(76, 32, 'Sophia Bogisich', 'Sint tenetur sapiente quia optio quaerat ut autem. Et laboriosam autem eum neque qui veritatis. Id et repudiandae consequuntur explicabo sed ipsum. Quibusdam ratione natus voluptate accusamus porro harum et.', 5, '2022-12-07 07:05:43', '2022-12-07 07:05:43'),
(77, 16, 'Noah Auer', 'Esse deserunt omnis voluptatem exercitationem. Rerum voluptas vero repellat accusamus sed numquam. Tempora enim accusamus assumenda illo qui minus.', 3, '2022-12-07 07:05:43', '2022-12-07 07:05:43'),
(78, 5, 'Carmel Wehner', 'Quia ducimus quos non. Autem sed dolores quae suscipit iusto consequatur. Exercitationem consequatur cum nobis ratione. Est corporis quia officia vel quo.', 2, '2022-12-07 07:05:43', '2022-12-07 07:05:43'),
(79, 19, 'Mrs. Josefa Moen', 'Enim voluptas praesentium est harum. Enim dolorum officia rerum. Eos ut exercitationem dolorem voluptate quos sunt. Debitis consectetur autem fuga alias. Adipisci accusamus reiciendis vitae accusamus sunt consequuntur.', 2, '2022-12-07 07:05:43', '2022-12-07 07:05:43'),
(80, 34, 'Sonia Romaguera', 'Debitis recusandae placeat quasi ad. Ipsum eaque voluptatem possimus voluptatem earum. Sit esse mollitia iste ea aut.', 5, '2022-12-07 07:05:43', '2022-12-07 07:05:43'),
(81, 3, 'Alvah Ullrich', 'Rerum earum vel consectetur quidem in aut. Ea omnis illum rerum sit.', 2, '2022-12-07 07:05:43', '2022-12-07 07:05:43'),
(82, 33, 'Donnell Hegmann', 'Maxime quasi eaque maiores aperiam dolor velit distinctio. Et est quos expedita ea voluptas. Totam corrupti libero consequatur voluptatem provident quia qui.', 1, '2022-12-07 07:05:43', '2022-12-07 07:05:43'),
(83, 10, 'Mrs. Vida Douglas', 'Ullam ab quasi ut. Aperiam ut non minus culpa. Possimus quidem suscipit sequi est dolores corrupti. Eveniet corporis similique est.', 2, '2022-12-07 07:05:43', '2022-12-07 07:05:43'),
(84, 18, 'Dr. Tod Hills', 'Id odio dignissimos amet eos optio. Omnis tempora occaecati nemo suscipit mollitia. Hic non vel ea aliquam velit repellendus.', 2, '2022-12-07 07:05:43', '2022-12-07 07:05:43'),
(85, 49, 'Magnolia Prohaska', 'Rerum eveniet cum rem iusto dolore vitae. Suscipit nulla et quo. Sunt soluta blanditiis in magnam rerum esse voluptas ipsam.', 2, '2022-12-07 07:05:43', '2022-12-07 07:05:43'),
(86, 7, 'Hayley Rath DDS', 'Autem ex qui qui est aut dolore. Nihil illo nihil iure consectetur ratione. Repellendus dicta quae debitis eius ut et. Ea provident deleniti et ducimus ut sit.', 5, '2022-12-07 07:05:43', '2022-12-07 07:05:43'),
(87, 44, 'Gregory Stiedemann', 'Eum distinctio maxime reiciendis unde. At aspernatur asperiores ut sequi cupiditate dolorem omnis et. Ut sint est quam quo velit.', 4, '2022-12-07 07:05:43', '2022-12-07 07:05:43'),
(88, 12, 'Treva Eichmann', 'Sit quasi laboriosam eos sed eius. Cupiditate at culpa at voluptatem voluptas molestiae minus. Magni magni iste veritatis nihil maiores nam. Corrupti molestiae modi voluptas ducimus necessitatibus fugit.', 4, '2022-12-07 07:05:43', '2022-12-07 07:05:43'),
(89, 15, 'Allen Miller', 'Sit velit vero aut unde placeat omnis sed. Vero odit ut et voluptate voluptatem nam accusantium eligendi. Nulla voluptatum nemo et ipsa excepturi quasi dignissimos. Eius nam est nam aliquam dolore. Et itaque accusantium magnam sit.', 4, '2022-12-07 07:05:43', '2022-12-07 07:05:43'),
(90, 9, 'Kali Nitzsche', 'Illum in sint adipisci magni omnis odio. Qui facere aut modi eveniet.', 1, '2022-12-07 07:05:43', '2022-12-07 07:05:43'),
(91, 24, 'Cathrine Morar', 'Optio qui dolorum eligendi qui voluptas fuga. Expedita soluta corporis dolores iusto maxime soluta. Qui suscipit eveniet voluptatem amet rerum. Quidem provident qui sit ut sequi et. Magnam repellat beatae excepturi nisi.', 4, '2022-12-07 07:05:43', '2022-12-07 07:05:43'),
(92, 28, 'Mrs. Heath Collier I', 'Molestias unde accusamus impedit in velit. Nostrum nemo quo occaecati modi atque.', 2, '2022-12-07 07:05:43', '2022-12-07 07:05:43'),
(93, 28, 'Ms. Beaulah Abshire I', 'Numquam quis eligendi est et. Cupiditate sapiente eaque magni est voluptas consequatur mollitia. Aperiam voluptatum et assumenda deserunt quas.', 5, '2022-12-07 07:05:43', '2022-12-07 07:05:43'),
(94, 8, 'Lucius Pfannerstill', 'Accusamus sunt nesciunt facilis facere qui quia aut. Voluptas ea quas quo laboriosam in vitae facere. A dolor molestias doloremque reiciendis. Rem ad quia optio tempore placeat rem alias.', 4, '2022-12-07 07:05:43', '2022-12-07 07:05:43'),
(95, 46, 'Prof. Heath Heidenreich', 'Consequuntur eaque dicta est qui laudantium excepturi dicta. Repellendus esse possimus quia. Sapiente et enim et voluptas. Earum expedita rerum veritatis sequi voluptate.', 2, '2022-12-07 07:05:43', '2022-12-07 07:05:43'),
(96, 40, 'Miss Mittie Johnson Sr.', 'Voluptatem qui voluptas et nisi. Qui blanditiis repudiandae sequi nihil et modi enim. Quo ex soluta repellendus delectus voluptate qui.', 1, '2022-12-07 07:05:43', '2022-12-07 07:05:43'),
(97, 27, 'Eladio Wilkinson', 'Voluptate consectetur magnam non impedit. Eius sit itaque rerum ab velit. Optio non reiciendis itaque rem ab.', 4, '2022-12-07 07:05:43', '2022-12-07 07:05:43'),
(98, 36, 'Prof. Obie Altenwerth', 'Ea rem qui impedit dolor odit fugit in. Aperiam exercitationem voluptate odio beatae. Necessitatibus aperiam voluptas aut ipsa quod. Quia assumenda nobis maxime quam sunt in adipisci.', 4, '2022-12-07 07:05:43', '2022-12-07 07:05:43'),
(99, 18, 'Skylar Hoeger', 'Iure aut eum repellendus saepe odit qui qui. Nisi sed nesciunt corrupti voluptatem consequuntur. Minus qui praesentium suscipit excepturi veniam voluptate. Ipsa numquam veritatis laboriosam sit eos. Ex labore nam et quod voluptates nisi ab.', 1, '2022-12-07 07:05:43', '2022-12-07 07:05:43'),
(100, 40, 'Edgardo Boyle', 'Laudantium quia quaerat laborum id. Consequatur ut saepe asperiores et inventore numquam. Tempore et ad mollitia et quasi atque nam.', 5, '2022-12-07 07:05:43', '2022-12-07 07:05:43'),
(101, 19, 'Joanne Witting II', 'Similique possimus doloremque totam aliquid earum qui. Ut minima cupiditate dignissimos enim. Est quod aut facilis qui ea reprehenderit numquam. Quas soluta consequatur incidunt non mollitia.', 3, '2022-12-07 07:05:43', '2022-12-07 07:05:43'),
(102, 2, 'Prof. Grover Hahn DVM', 'Ab rerum quasi quibusdam et. Voluptatem sint iusto magni esse. Qui veritatis laborum iure consequatur. Asperiores voluptatum numquam omnis est voluptatem.', 2, '2022-12-07 07:05:43', '2022-12-07 07:05:43'),
(103, 7, 'Lavinia Kulas', 'Molestias aut tempora et maiores aut saepe id. Ut est iusto repudiandae necessitatibus dolor aliquid vel. Veritatis repellat quod adipisci tempora amet et voluptates.', 3, '2022-12-07 07:05:43', '2022-12-07 07:05:43'),
(104, 18, 'Eda Harris', 'Eaque omnis ut aliquid repellat error ut est quod. Ut magnam dicta iste voluptatem eos dolore exercitationem est. Aut vel est quia voluptates nam. Autem enim ut sapiente quos alias.', 5, '2022-12-07 07:05:43', '2022-12-07 07:05:43'),
(105, 14, 'Carmelo Tremblay', 'Quod quos tempore dolores. Numquam quia voluptas eius aliquam qui eaque. Temporibus aut velit ut.', 2, '2022-12-07 07:05:43', '2022-12-07 07:05:43'),
(106, 23, 'Randy Hudson', 'Sed enim nihil voluptas qui non voluptatem sit eos. Tempore dolorem sunt occaecati dolore aperiam. Optio quibusdam et accusantium natus. Ut necessitatibus sed voluptatibus quaerat explicabo.', 3, '2022-12-07 07:05:43', '2022-12-07 07:05:43'),
(107, 43, 'Mrs. Hope Larson', 'Consequatur omnis id provident quis cupiditate placeat. Eveniet deserunt optio doloremque necessitatibus autem quas.', 4, '2022-12-07 07:05:43', '2022-12-07 07:05:43'),
(108, 4, 'Mustafa O\'Connell', 'Sint cum eius aut rerum dignissimos. Recusandae quam quia omnis sit aut nulla iure. Perspiciatis recusandae quod illo explicabo. Tempora architecto architecto aut cupiditate.', 1, '2022-12-07 07:05:43', '2022-12-07 07:05:43'),
(109, 24, 'Jayden Lueilwitz', 'Cumque facilis suscipit et alias sit provident. Accusantium et est minus. Amet soluta vel iusto tempore. Non dolores tempore illum id ratione hic et illo.', 3, '2022-12-07 07:05:43', '2022-12-07 07:05:43'),
(110, 10, 'Paris Jerde', 'Voluptate quia incidunt dolores minus molestiae omnis dolorum est. Et alias sapiente aut ea dolores corrupti eligendi. Voluptatibus earum assumenda voluptatem est.', 1, '2022-12-07 07:05:43', '2022-12-07 07:05:43'),
(111, 24, 'Roberto Schaefer', 'Quia consequuntur velit aliquam et quas nisi doloribus. Eaque voluptatem atque consectetur error possimus temporibus repellat. Voluptate rem non est temporibus.', 5, '2022-12-07 07:05:43', '2022-12-07 07:05:43'),
(112, 8, 'Rocio Franecki', 'Hic dolorum ad dolor sapiente sit. Quos dolorem et ipsam accusantium nihil. Nihil qui minima sunt autem recusandae quo. Sit nobis ullam voluptatibus enim deserunt similique enim ex.', 4, '2022-12-07 07:05:43', '2022-12-07 07:05:43'),
(113, 48, 'Clifford Zboncak', 'Laudantium dolor porro aut sequi impedit. Dolorem est est est et vel aut. Quos rerum omnis totam doloremque rerum consequuntur eos dolorem. Ut eveniet deleniti non recusandae. Quibusdam occaecati modi similique.', 3, '2022-12-07 07:05:43', '2022-12-07 07:05:43'),
(114, 18, 'Marisol Sporer', 'Repellendus ipsam excepturi et minima excepturi ipsa est. Inventore tenetur et rem cum. Non id molestiae odit iste consequuntur corrupti. Aut ipsam reprehenderit ipsum modi et.', 2, '2022-12-07 07:05:43', '2022-12-07 07:05:43'),
(115, 26, 'Vincenza Herman', 'Ex rem ex omnis velit modi dolores delectus. Et voluptates rerum ut sint. Enim rerum aperiam voluptas perferendis molestias nemo non iure. At praesentium atque ea omnis.', 4, '2022-12-07 07:05:43', '2022-12-07 07:05:43'),
(116, 44, 'Gia Mante', 'Soluta numquam nostrum mollitia dolor et velit. Eius aut eos voluptatem sit a sed et esse. Impedit ipsam inventore quis molestias accusamus. Repellendus assumenda est corporis fugit iure aut recusandae.', 4, '2022-12-07 07:05:43', '2022-12-07 07:05:43'),
(117, 10, 'Maye Altenwerth', 'Rerum itaque modi ut ullam. Aut excepturi occaecati ut nisi. Aut autem minus velit distinctio enim.', 4, '2022-12-07 07:05:43', '2022-12-07 07:05:43'),
(118, 18, 'Omari Kilback', 'Officia delectus et ut facere earum similique voluptatem esse. Quo recusandae dolorem sequi in sint. Dolores quas quaerat tempore vel at alias libero. Dicta ut voluptatem architecto rem error sit.', 3, '2022-12-07 07:05:43', '2022-12-07 07:05:43'),
(119, 21, 'Gaylord O\'Kon III', 'Aut corrupti laudantium sint vero et consectetur. Veritatis culpa nostrum ea enim at provident eveniet ullam. Autem doloribus nobis et exercitationem. Doloribus eos delectus aut rem.', 2, '2022-12-07 07:05:43', '2022-12-07 07:05:43'),
(120, 40, 'Teresa Crist', 'Molestias dolores quibusdam eum quod dolorum commodi quae. Expedita et animi blanditiis corrupti quidem commodi nihil. Quis tempora omnis ipsam est quia tempora consequuntur. Molestiae eum recusandae eum est recusandae.', 1, '2022-12-07 07:05:43', '2022-12-07 07:05:43'),
(121, 24, 'Ida Fahey', 'Est amet quisquam eligendi cumque dignissimos voluptatem consequatur. Repudiandae aut aperiam repellendus consequuntur rerum.', 1, '2022-12-07 07:05:43', '2022-12-07 07:05:43'),
(122, 40, 'Damaris Erdman', 'Officiis repudiandae harum eius voluptatibus quam perferendis. Consectetur omnis natus totam dolorem officia. Qui voluptatem quisquam aut. Voluptate possimus tempore voluptas esse nihil.', 3, '2022-12-07 07:05:43', '2022-12-07 07:05:43'),
(123, 16, 'Diego Zboncak', 'Est porro ullam distinctio cum dolore et a similique. Molestias et vel libero laudantium labore dolores.', 5, '2022-12-07 07:05:43', '2022-12-07 07:05:43'),
(124, 43, 'Ms. Paige Cassin V', 'Alias molestiae quisquam laborum voluptatem dolor. Doloribus officia est ipsa quis voluptas soluta et. Rerum excepturi occaecati hic tempore voluptas iusto eum.', 3, '2022-12-07 07:05:43', '2022-12-07 07:05:43'),
(125, 26, 'Lauriane Jakubowski DVM', 'Suscipit et eos illum omnis a aut pariatur. Amet repellendus sed quibusdam. Consequatur enim blanditiis atque inventore. Quas ad vero magnam totam voluptatem.', 1, '2022-12-07 07:05:43', '2022-12-07 07:05:43'),
(126, 41, 'Derrick Bailey', 'Odit tempora consequatur deserunt et ipsa. Perferendis dolores aut eligendi voluptatem et. Ut labore laborum suscipit vel. Esse quaerat sunt facilis.', 1, '2022-12-07 07:05:43', '2022-12-07 07:05:43'),
(127, 33, 'Dr. Shany Senger', 'Aut eius quam quia quia. Earum repellendus quos ea vero ratione dolore numquam et. Ea autem nihil sunt et soluta consequatur aut illum. Et labore eum consequatur et.', 1, '2022-12-07 07:05:43', '2022-12-07 07:05:43'),
(128, 11, 'Prof. Brando Murphy V', 'Aperiam qui mollitia facere aut quaerat quia laudantium omnis. Ipsam est neque autem provident atque est. Accusantium non est sit sit et dicta quia.', 4, '2022-12-07 07:05:43', '2022-12-07 07:05:43'),
(129, 39, 'Dr. Dixie Ankunding II', 'Incidunt repellendus quo quis nulla aperiam consequatur facere. Voluptatem velit sunt in consequatur assumenda. Sint cumque ut qui voluptate sunt omnis. Ea repellendus vero qui ullam aliquam sit.', 3, '2022-12-07 07:05:43', '2022-12-07 07:05:43'),
(130, 33, 'Prof. Vance Sanford', 'Assumenda explicabo natus vero quam itaque. Nesciunt omnis temporibus quidem ab fugiat earum dignissimos. Sit voluptate officia deleniti ut. Nemo ex sit doloremque ducimus aut.', 3, '2022-12-07 07:05:43', '2022-12-07 07:05:43'),
(131, 11, 'Stella Satterfield IV', 'Et et doloribus aut voluptatem vel aut et. Deserunt eum qui eligendi delectus aut. Qui vero non omnis laboriosam.', 4, '2022-12-07 07:05:43', '2022-12-07 07:05:43'),
(132, 11, 'Ms. Alessandra Krajcik', 'Repellat eos cupiditate fuga sint corrupti. Sit vel et qui aut tempora ut earum perspiciatis. Earum blanditiis sunt dolorum illum architecto.', 2, '2022-12-07 07:05:43', '2022-12-07 07:05:43'),
(133, 35, 'Madyson Murray IV', 'Ut velit rerum eveniet ea non doloremque necessitatibus. Sint odio dolorem consequuntur quas sit quasi nesciunt et. Placeat aliquid vitae earum. Sed iure fugiat omnis minus.', 1, '2022-12-07 07:05:43', '2022-12-07 07:05:43'),
(134, 29, 'Miss Amely Miller DDS', 'Molestias consequatur sit dignissimos similique beatae non at. Dolor aut consequatur numquam commodi nihil illo numquam. Porro quis repellat ad error.', 5, '2022-12-07 07:05:43', '2022-12-07 07:05:43'),
(135, 31, 'Dr. Viva Bashirian', 'Illo odio voluptates voluptate et iusto. Vel officiis qui tempore velit.', 3, '2022-12-07 07:05:43', '2022-12-07 07:05:43'),
(136, 44, 'Maymie Grant', 'Corrupti voluptates repudiandae quaerat consectetur sunt dolorem rem. Fugiat minus assumenda voluptas architecto autem deleniti qui. Quia labore itaque nostrum aut ducimus. Libero est et nesciunt ratione.', 4, '2022-12-07 07:05:43', '2022-12-07 07:05:43'),
(137, 9, 'Tevin Watsica', 'Maxime similique consequatur velit et aspernatur. Corporis natus commodi quidem tempora voluptatibus repellat magnam. Tempora dolorum et temporibus non. Eligendi voluptatem corporis odit voluptas exercitationem.', 2, '2022-12-07 07:05:43', '2022-12-07 07:05:43'),
(138, 32, 'Dr. Andrew Price I', 'Quis odio laborum dolores. Nulla explicabo dicta culpa voluptatum sit eveniet nihil. Et ratione officia qui voluptatum adipisci autem cumque. Autem minus sunt velit omnis non et. Consequuntur quo totam saepe praesentium.', 1, '2022-12-07 07:05:43', '2022-12-07 07:05:43'),
(139, 48, 'Miss Tess Russel', 'Totam commodi tempora quia et. Velit numquam molestias repellat repudiandae minima amet. Atque quia vel provident quia est. Quae ipsam nam nam minus mollitia.', 3, '2022-12-07 07:05:43', '2022-12-07 07:05:43'),
(140, 11, 'Yessenia Bashirian', 'Cupiditate doloremque velit est saepe veniam architecto. Dolores aliquam et suscipit minima dolorum repellendus aut. Rerum sunt eveniet ipsum sunt illum aut. Velit nihil et blanditiis ipsa deserunt et rerum exercitationem.', 1, '2022-12-07 07:05:43', '2022-12-07 07:05:43'),
(141, 31, 'Gillian Dickinson', 'Quas officia asperiores est sunt. Distinctio quo ut similique. Vero repudiandae neque rerum ut accusamus.', 1, '2022-12-07 07:05:43', '2022-12-07 07:05:43'),
(142, 6, 'Geoffrey Sauer Jr.', 'Est magnam quam blanditiis vel omnis qui. Debitis ea totam quia perspiciatis. Ut labore temporibus doloremque aliquid officiis quasi repellendus.', 4, '2022-12-07 07:05:43', '2022-12-07 07:05:43'),
(143, 19, 'Ilene Trantow', 'Commodi ad provident repellat nulla unde. Voluptas harum dolor dolores aut. Corporis nisi ipsum ullam incidunt minus velit. Libero aut distinctio laborum exercitationem optio odit.', 2, '2022-12-07 07:05:43', '2022-12-07 07:05:43'),
(144, 6, 'Libby Hermann', 'Possimus beatae nam qui sunt error accusantium eligendi. Excepturi ut quis magnam. Molestiae accusantium alias ut reiciendis natus laborum et quibusdam. Tempore velit aut aut laboriosam et dicta. Eveniet eveniet iste odit vel cumque quis.', 1, '2022-12-07 07:05:43', '2022-12-07 07:05:43'),
(145, 8, 'Mr. Agustin Cruickshank', 'Dolores laboriosam laboriosam doloribus quaerat at doloremque. Voluptas atque facere consequatur recusandae expedita. Nobis est ab nihil quia est ex omnis voluptatem. Sunt explicabo dolor est eum hic.', 5, '2022-12-07 07:05:43', '2022-12-07 07:05:43'),
(146, 5, 'Delores Klocko', 'Sint ut minima ut dignissimos. Perspiciatis laborum vel dolor aliquam et repellendus eos. Numquam nulla debitis nisi fugiat nihil qui nostrum. Aliquam eveniet ut recusandae.', 1, '2022-12-07 07:05:43', '2022-12-07 07:05:43'),
(147, 32, 'Alvina Bailey', 'Recusandae harum eveniet amet quia esse. Neque hic placeat aut illum amet natus. Iure ea cum alias facilis quibusdam aut corporis. Quasi quisquam aut est qui vitae assumenda.', 3, '2022-12-07 07:05:43', '2022-12-07 07:05:43'),
(148, 13, 'Jay Kuhn V', 'Magni maxime minima et rem. Sit quos alias iste sed vel voluptatum. Laudantium consequatur fugit omnis culpa minus fuga. Veniam aperiam qui consequuntur rerum sapiente porro pariatur hic.', 2, '2022-12-07 07:05:43', '2022-12-07 07:05:43'),
(149, 13, 'Roel Fadel', 'Adipisci quam facilis error iusto commodi. Amet repellendus consequatur eveniet. Molestiae eius et vitae eos sint sit facilis. Nulla adipisci ipsam vel cum.', 2, '2022-12-07 07:05:43', '2022-12-07 07:05:43'),
(150, 41, 'Carter Smith', 'Odio natus et illo eos aliquam hic vitae natus. Itaque ipsum esse est rerum eum sed. Adipisci veritatis et qui dolores quibusdam.', 2, '2022-12-07 07:05:43', '2022-12-07 07:05:43'),
(151, 40, 'Mr. Frank Raynor MD', 'Vel et consectetur aut quo. Quisquam ut qui corrupti doloremque ducimus. Laborum minus mollitia maxime nostrum deleniti nihil voluptates ut. Deleniti qui dolorum consequatur. Eaque nemo natus repellat molestiae.', 4, '2022-12-07 07:05:43', '2022-12-07 07:05:43'),
(152, 7, 'Lucie Botsford', 'Doloremque explicabo minima ipsam soluta tempora harum rerum et. Unde culpa consequatur voluptates quo eveniet cupiditate minima. Delectus architecto qui consequatur excepturi repellendus molestiae. Nesciunt dolore deserunt animi omnis.', 1, '2022-12-07 07:05:43', '2022-12-07 07:05:43'),
(153, 15, 'Nestor Wehner DVM', 'Laudantium sit ex fugit. Voluptatem quaerat facilis quas ad. Consectetur aut est nihil quibusdam.', 3, '2022-12-07 07:05:43', '2022-12-07 07:05:43'),
(154, 28, 'Dr. Josephine Morissette', 'Autem et repellendus odio quia doloribus. Consequatur cupiditate minus ab magnam esse et. Quibusdam reprehenderit harum nisi unde. Saepe voluptatem ex vitae est.', 5, '2022-12-07 07:05:43', '2022-12-07 07:05:43'),
(155, 29, 'Mr. Ed Haley', 'Culpa quia debitis eum qui amet ea. Quibusdam aut voluptas ipsa quisquam a sit voluptas. Necessitatibus reprehenderit sed totam vero eaque necessitatibus.', 4, '2022-12-07 07:05:43', '2022-12-07 07:05:43'),
(156, 50, 'Reggie Upton', 'Consequatur ullam sed eveniet impedit consectetur quia magni. Praesentium expedita delectus aut enim animi id ut autem. Beatae ipsa id atque natus ex.', 4, '2022-12-07 07:05:43', '2022-12-07 07:05:43'),
(157, 46, 'Raquel Eichmann', 'Illum et sit animi est incidunt et blanditiis. Temporibus quod est modi. Quia quibusdam aspernatur alias optio possimus. Occaecati at quas error accusantium ad fuga delectus.', 2, '2022-12-07 07:05:43', '2022-12-07 07:05:43'),
(158, 34, 'Dr. Sigmund Langworth DDS', 'Itaque eveniet iure cumque illo natus consequatur molestiae. Debitis et porro sed qui voluptates. Ut aliquid labore et sit. Voluptatem maxime eligendi dignissimos ducimus sed.', 2, '2022-12-07 07:05:43', '2022-12-07 07:05:43'),
(159, 15, 'Dr. Boyd King', 'Itaque autem enim sint voluptas natus et inventore. Fugiat eius ea quis maxime accusantium rerum. Et aut sint sint et quis debitis.', 3, '2022-12-07 07:05:43', '2022-12-07 07:05:43'),
(160, 37, 'Prof. Stone Wolf DVM', 'Labore dolorem cum maxime quia velit doloremque. Quaerat nobis molestiae dolores dicta. Eos et eos corrupti voluptas id tempore. Nulla molestias cupiditate est qui animi.', 1, '2022-12-07 07:05:43', '2022-12-07 07:05:43'),
(161, 12, 'Jeremy O\'Keefe', 'Ullam ut excepturi dolorum omnis ullam dicta modi. Error quis molestias quia veritatis quis asperiores voluptatem. Necessitatibus expedita rerum unde error. Officiis sit sint aut voluptas.', 5, '2022-12-07 07:05:43', '2022-12-07 07:05:43'),
(162, 11, 'Aidan Pouros', 'Quia perspiciatis est nihil vitae et illum est et. Ut dolorem hic itaque veritatis voluptas. Veniam in quae exercitationem sapiente quis animi dolor.', 5, '2022-12-07 07:05:43', '2022-12-07 07:05:43'),
(163, 19, 'Nelle Brown PhD', 'Voluptatibus et deleniti qui dignissimos est quisquam nam qui. Quas molestiae id et qui voluptatem aspernatur occaecati. Ratione cumque similique tenetur dicta distinctio. Aut maiores sapiente consequuntur velit molestiae rerum et.', 5, '2022-12-07 07:05:43', '2022-12-07 07:05:43'),
(164, 8, 'Lloyd VonRueden', 'Voluptas nihil vel et necessitatibus et doloremque. Et veritatis id assumenda placeat nihil eveniet commodi aut. Qui eos quo magni sint. Aliquid distinctio fugiat et.', 4, '2022-12-07 07:05:43', '2022-12-07 07:05:43'),
(165, 15, 'Mr. Hazel Harris V', 'Ut enim sunt possimus enim reiciendis optio sunt eaque. Asperiores quo cupiditate et consequatur et qui. Est officiis velit perferendis aut. Quia impedit nihil minima cum. Quidem dolore rerum praesentium itaque.', 3, '2022-12-07 07:05:43', '2022-12-07 07:05:43'),
(166, 25, 'Mrs. Carley Howell PhD', 'Velit provident est quae quo dolorem nam reprehenderit. Doloribus ex dolor id aut pariatur et sint. Provident illo ipsam eos dolore quisquam.', 1, '2022-12-07 07:05:43', '2022-12-07 07:05:43'),
(167, 16, 'Kendall Streich', 'Unde accusamus aut et voluptatem. Eos distinctio reprehenderit quidem.', 5, '2022-12-07 07:05:43', '2022-12-07 07:05:43'),
(168, 46, 'Prof. Percy Hermiston Jr.', 'Saepe eligendi explicabo rerum. A aut qui suscipit voluptas quas illo. Vel sit quaerat dolorem in incidunt voluptate. Molestias delectus sed in. Nostrum nostrum architecto nostrum fuga vero.', 3, '2022-12-07 07:05:43', '2022-12-07 07:05:43'),
(169, 23, 'Ethel Willms', 'Iure eum minima et totam mollitia est omnis. Neque soluta dolores eligendi enim fuga velit sit.', 5, '2022-12-07 07:05:43', '2022-12-07 07:05:43'),
(170, 33, 'Roderick Witting', 'Et rerum esse et fugiat accusantium. Ea aliquid illo numquam in aliquam ab neque. Dolorem voluptatibus porro in minus a et.', 2, '2022-12-07 07:05:43', '2022-12-07 07:05:43'),
(171, 3, 'Beaulah Greenholt', 'Nostrum sint atque ea id accusantium iure. Non ipsam qui ut totam earum qui. Culpa distinctio culpa dolores laudantium qui corporis qui dolorem. Alias dolorem voluptates vitae tempore voluptatem harum maxime neque.', 1, '2022-12-07 07:05:43', '2022-12-07 07:05:43'),
(172, 26, 'Dr. Josianne Abbott III', 'Incidunt fugiat ducimus perspiciatis dolor. Asperiores minima iusto sapiente.', 2, '2022-12-07 07:05:43', '2022-12-07 07:05:43'),
(173, 33, 'Cloyd Dietrich', 'Non placeat dolorem et quos perspiciatis ut. Voluptate quos vel aperiam voluptates. Accusantium possimus vero enim cum voluptatem pariatur accusamus. Fugiat voluptates incidunt totam et quidem provident.', 1, '2022-12-07 07:05:43', '2022-12-07 07:05:43'),
(174, 13, 'Alicia Turcotte', 'Harum perspiciatis ut quo sint perspiciatis. Omnis consequatur cupiditate ea dolores nihil pariatur adipisci. Et odit sed hic et fugit pariatur.', 2, '2022-12-07 07:05:43', '2022-12-07 07:05:43'),
(175, 14, 'Adela Bernhard', 'Doloremque facere soluta ex vitae eos distinctio. Non quia qui laborum excepturi. Voluptate voluptatibus ea pariatur at amet vel.', 3, '2022-12-07 07:05:43', '2022-12-07 07:05:43'),
(176, 7, 'Deangelo Grimes', 'Sit dolor tempora fugit nostrum non deleniti rem voluptas. Aspernatur fugit qui excepturi harum nulla est voluptate. Quidem dolor veniam sed rem praesentium. Veniam fugiat tempore laboriosam enim est ex.', 2, '2022-12-07 07:05:43', '2022-12-07 07:05:43'),
(177, 40, 'Mckenzie Bailey', 'Quo qui amet aliquid possimus. Quisquam molestiae voluptate eum eum.', 3, '2022-12-07 07:05:43', '2022-12-07 07:05:43'),
(178, 9, 'Israel Schmidt', 'Sunt aut ipsam incidunt dolores. Eveniet qui praesentium ex harum itaque repellat. Deserunt consequatur quod consequatur rem. Eaque molestiae mollitia totam aut quidem temporibus a. Odio voluptatem temporibus aliquam non et.', 3, '2022-12-07 07:05:43', '2022-12-07 07:05:43'),
(179, 6, 'Miss Charlene Hoppe', 'Voluptates nihil omnis cum alias. Reiciendis iste aliquam esse ipsam. Sunt quaerat vitae harum velit quia sed consectetur.', 4, '2022-12-07 07:05:43', '2022-12-07 07:05:43'),
(180, 20, 'Cade Schaden II', 'Dolore praesentium eos saepe tempore. Quam et at illum facilis tempore non. Recusandae illo dolorem ad minus possimus incidunt. Vel aperiam fugiat nulla voluptatem explicabo sed illum.', 5, '2022-12-07 07:05:43', '2022-12-07 07:05:43'),
(181, 19, 'Rodolfo Lubowitz', 'Est officia consequatur et dicta quasi voluptate. Quasi est explicabo modi et. Occaecati qui voluptatem natus aliquid provident necessitatibus velit ex.', 4, '2022-12-07 07:05:43', '2022-12-07 07:05:43'),
(182, 4, 'Mrs. Maeve Schimmel IV', 'Est minima ipsam optio nesciunt. Id voluptatem reiciendis eius iste. Totam praesentium nesciunt porro quam.', 2, '2022-12-07 07:05:43', '2022-12-07 07:05:43'),
(183, 19, 'Veronica Buckridge MD', 'Autem inventore nihil ut iusto tenetur tenetur. Dignissimos a in sunt nobis. Cupiditate fuga enim eum molestiae consequatur optio sint.', 2, '2022-12-07 07:05:43', '2022-12-07 07:05:43'),
(184, 30, 'Dr. Reva Reichel IV', 'Commodi voluptatem illum sit natus. Fuga sapiente explicabo ex unde esse quo. Et eos tempora non nihil amet quia beatae quaerat.', 2, '2022-12-07 07:05:43', '2022-12-07 07:05:43'),
(185, 17, 'Miss Meagan Armstrong MD', 'Pariatur iste ducimus totam aut. Et aperiam voluptatibus distinctio similique expedita. Corporis recusandae est est eos debitis accusamus consequatur. Quis quos voluptas voluptatem.', 2, '2022-12-07 07:05:43', '2022-12-07 07:05:43'),
(186, 46, 'Sebastian Crona III', 'Quibusdam enim et omnis molestiae qui provident aut. A omnis voluptate est repudiandae amet. Inventore voluptatem totam alias earum.', 1, '2022-12-07 07:05:43', '2022-12-07 07:05:43'),
(187, 45, 'Hugh Metz', 'Aut est aut nostrum inventore. Inventore velit aut qui qui. Sunt iste expedita dolorum quam aut praesentium. Voluptatem dolores amet quam voluptatem pariatur laudantium. Quod est aliquam et at amet labore temporibus quia.', 5, '2022-12-07 07:05:43', '2022-12-07 07:05:43'),
(188, 23, 'Mrs. Lucinda Cremin Jr.', 'Magnam quia aut quis accusantium pariatur quis ex. Voluptates laudantium quia vel reiciendis. Sit mollitia doloremque eligendi saepe est accusantium sequi.', 4, '2022-12-07 07:05:43', '2022-12-07 07:05:43'),
(189, 15, 'Mrs. Annamarie Goldner III', 'Et autem sequi cumque iure molestiae nam voluptatibus repellendus. Non cumque porro voluptatem voluptatem sapiente voluptatibus culpa. Laboriosam beatae et mollitia enim. Nihil sed possimus dolor natus porro.', 2, '2022-12-07 07:05:43', '2022-12-07 07:05:43'),
(190, 29, 'Macie Keebler', 'Voluptatum necessitatibus quas et ad. Repellat expedita sint ea est itaque reiciendis velit. Asperiores eligendi distinctio dolor assumenda doloribus veritatis fugit magni.', 4, '2022-12-07 07:05:43', '2022-12-07 07:05:43'),
(191, 37, 'Grover Friesen Jr.', 'Voluptate sunt voluptate voluptatem odit similique repudiandae consequuntur. Tempora laboriosam beatae quia qui necessitatibus quia tempora. Officiis culpa animi aut repudiandae minus totam qui. Eum qui quae quia inventore sit. Voluptas similique repellendus dolore.', 4, '2022-12-07 07:05:43', '2022-12-07 07:05:43'),
(192, 50, 'Juliet Bosco', 'Reprehenderit saepe similique at. Minus eos incidunt aspernatur voluptates vel eligendi. Nostrum quibusdam autem ex dolores. Et sint excepturi itaque iure accusantium eum voluptatem.', 5, '2022-12-07 07:05:43', '2022-12-07 07:05:43'),
(193, 35, 'Nicolas Schuppe', 'Et ea sapiente esse aperiam. Itaque enim laboriosam consequuntur odio enim. Nihil ducimus odit nostrum sint accusantium.', 5, '2022-12-07 07:05:43', '2022-12-07 07:05:43'),
(194, 35, 'Sedrick Greenfelder', 'Consectetur excepturi id autem quod. Et accusantium neque qui et quia mollitia. Maiores eos omnis modi quasi. Qui occaecati non ipsum repellendus nam consequatur eos. Voluptatum numquam a nostrum est vel qui.', 1, '2022-12-07 07:05:43', '2022-12-07 07:05:43'),
(195, 14, 'Mr. Dwight Jast', 'Neque omnis qui sit suscipit iusto similique. Et ullam ullam atque dolores. Quas dolor est qui sunt ut. Amet libero temporibus sint dolorem amet quae dolorem. Quos iste nobis saepe.', 3, '2022-12-07 07:05:43', '2022-12-07 07:05:43'),
(196, 2, 'Alanna Cruickshank', 'Et sequi perferendis ut hic sequi. Consequatur quasi animi voluptatem voluptas voluptatem. Eos optio et quaerat est officiis occaecati. Velit reiciendis iste voluptatem.', 4, '2022-12-07 07:05:43', '2022-12-07 07:05:43'),
(197, 14, 'Mr. Brice Simonis', 'Exercitationem numquam neque porro voluptatem sit placeat. Esse ipsum aut ut doloremque rerum. Architecto et quod repudiandae sapiente asperiores magni et.', 4, '2022-12-07 07:05:43', '2022-12-07 07:05:43'),
(198, 40, 'Bart Trantow', 'Beatae laboriosam nisi molestias eaque quibusdam dignissimos aperiam. Nesciunt explicabo temporibus velit suscipit voluptatibus deserunt. Et esse omnis vero earum. Voluptas assumenda perferendis ut explicabo. Et ipsum animi repudiandae et omnis possimus deserunt unde.', 2, '2022-12-07 07:05:43', '2022-12-07 07:05:43'),
(199, 21, 'Miss Aisha Auer II', 'Neque qui quo et vitae. Vitae vitae voluptates laborum.', 1, '2022-12-07 07:05:43', '2022-12-07 07:05:43'),
(200, 43, 'Jacey Brekke', 'Ut libero voluptates autem ea similique quia. Voluptas expedita eum cupiditate incidunt impedit consectetur. A autem excepturi accusantium illum eligendi consequuntur ratione. Perspiciatis impedit enim id sint.', 4, '2022-12-07 07:05:43', '2022-12-07 07:05:43'),
(201, 24, 'Karine Ward', 'Perferendis laudantium sapiente sunt. Harum et molestiae occaecati et minima qui hic. Dolores placeat explicabo quam itaque earum. Quisquam id praesentium modi quidem.', 5, '2022-12-07 07:05:43', '2022-12-07 07:05:43'),
(202, 31, 'Prof. Ron Jacobi', 'Eligendi est quo rerum quidem nisi exercitationem adipisci. Error veniam numquam facilis sapiente et. Omnis quaerat et omnis praesentium. Aperiam dolore cum repellat rerum atque non consequuntur. Accusantium voluptates aliquid doloremque voluptatem quisquam.', 1, '2022-12-07 07:05:43', '2022-12-07 07:05:43'),
(203, 18, 'Dashawn Blanda', 'Mollitia voluptates distinctio ut qui aspernatur consequatur. Distinctio perspiciatis vel amet ut. Necessitatibus aut unde laboriosam est non sed. Reiciendis consequatur perferendis rerum voluptates. Explicabo voluptas ut id ut sed.', 5, '2022-12-07 07:05:43', '2022-12-07 07:05:43'),
(204, 27, 'Clint Kemmer', 'Sed provident et eum rerum et. Et nobis id minima autem est. Est velit eveniet nisi veritatis incidunt voluptate distinctio. Magnam culpa perferendis dolore voluptatem eius et voluptas. Et ut id ut repudiandae.', 4, '2022-12-07 07:05:43', '2022-12-07 07:05:43'),
(205, 26, 'Newell Bogan', 'Ipsum aut qui est consequatur. Sint recusandae explicabo iusto libero amet. Ex eum vel veniam qui id cupiditate qui. Iste sed odit voluptatem velit suscipit.', 3, '2022-12-07 07:05:43', '2022-12-07 07:05:43'),
(206, 20, 'Josie Pollich', 'Deserunt dolorem est non illum. Laboriosam et aut vero sunt. Rem libero rerum aspernatur ea delectus recusandae non.', 3, '2022-12-07 07:05:43', '2022-12-07 07:05:43');
INSERT INTO `reviews` (`id`, `product_id`, `customer`, `review`, `star`, `created_at`, `updated_at`) VALUES
(207, 10, 'Dr. Hertha Wolf DVM', 'Qui rerum accusantium reiciendis dolorum quas. Consectetur aut a sapiente quos sunt amet.', 1, '2022-12-07 07:05:43', '2022-12-07 07:05:43'),
(208, 1, 'Prof. Jovan Champlin I', 'Commodi rem rem et est quos. Sint accusantium aliquam neque atque vel quos officia quibusdam. Accusamus molestias sunt ut provident et magnam.', 1, '2022-12-07 07:05:43', '2022-12-07 07:05:43'),
(209, 16, 'Jaron Hirthe', 'Est aspernatur et reprehenderit dolore earum. Minus ea placeat earum qui numquam consectetur qui suscipit. Sit cumque molestias qui nihil repudiandae temporibus qui dolore.', 5, '2022-12-07 07:05:43', '2022-12-07 07:05:43'),
(210, 31, 'Tracey Runte', 'Vero laudantium ad qui. Fugit eaque eum ea. Corrupti possimus excepturi ut minima hic est. Eligendi iusto tempora nisi nihil.', 4, '2022-12-07 07:05:43', '2022-12-07 07:05:43'),
(211, 29, 'Elmer Reichel', 'Suscipit illum impedit magni harum et molestias libero. Ut unde qui cum omnis a commodi. Et dolores veniam maxime nihil assumenda neque ex. Eius dolore ullam eos blanditiis.', 5, '2022-12-07 07:05:43', '2022-12-07 07:05:43'),
(212, 8, 'Reva Kerluke', 'Enim eius numquam nesciunt sequi ratione quia. Voluptate minima totam quia velit dolorem alias tempore. Qui inventore aut iusto quod voluptates. In nemo dicta at repellendus.', 2, '2022-12-07 07:05:43', '2022-12-07 07:05:43'),
(213, 30, 'Shad Gutmann', 'Molestiae ut ut velit similique dolores illum. Facilis deserunt quisquam vitae. Qui dolore quis asperiores illo in et. Laboriosam cum dignissimos placeat esse.', 5, '2022-12-07 07:05:43', '2022-12-07 07:05:43'),
(214, 28, 'Marjorie Langosh', 'At modi velit soluta saepe eius dignissimos dicta. Corporis veritatis vitae illum necessitatibus quo. Quo omnis laudantium ut eius et nisi a. Voluptatibus minus quia sit repellat a exercitationem omnis.', 4, '2022-12-07 07:05:43', '2022-12-07 07:05:43'),
(215, 26, 'Estevan Quigley II', 'Iste ipsa dolores ex mollitia. Omnis dolores quibusdam id reiciendis autem voluptatem. Repudiandae mollitia eum excepturi et amet. Earum sunt delectus et non error. A deleniti vel dolore dolore aut asperiores quam.', 3, '2022-12-07 07:05:43', '2022-12-07 07:05:43'),
(216, 10, 'Emma Streich', 'Et quas veritatis et illum facere nihil. Sit doloremque pariatur omnis molestiae ea. Et iure est quae perspiciatis facilis vero.', 5, '2022-12-07 07:05:43', '2022-12-07 07:05:43'),
(217, 16, 'Jairo Kihn', 'Perspiciatis iusto consequatur voluptatem recusandae non et. Sed laborum et nihil. Est quidem fugit molestiae necessitatibus non rerum esse. Rem et et distinctio labore labore.', 4, '2022-12-07 07:05:43', '2022-12-07 07:05:43'),
(218, 36, 'Jacinthe Deckow', 'Facere ratione iste nihil voluptatum sit soluta ea alias. Ut dolorem consequuntur pariatur est et. Ea libero libero odio et maiores sunt voluptatem.', 5, '2022-12-07 07:05:43', '2022-12-07 07:05:43'),
(219, 8, 'Shania Corwin', 'At quod possimus rerum corporis culpa. Exercitationem quos quam culpa placeat rerum. Ut natus quia tenetur et dolores adipisci impedit. Corrupti debitis minus voluptatem. Similique eius dolorem laboriosam est rerum.', 5, '2022-12-07 07:05:43', '2022-12-07 07:05:43'),
(220, 27, 'Itzel Leffler', 'Ut nisi dolorem et rerum id non. Cumque ea temporibus distinctio voluptatem corrupti. Molestiae aut vitae dolores voluptatem dolorem sed voluptatem. Adipisci excepturi similique non non enim voluptatem delectus.', 5, '2022-12-07 07:05:43', '2022-12-07 07:05:43'),
(221, 33, 'Dr. Isai Hickle', 'Asperiores et sint voluptatem harum molestiae. Nihil molestiae eos autem officia vero. Veniam commodi sint quod explicabo nesciunt eaque.', 3, '2022-12-07 07:05:43', '2022-12-07 07:05:43'),
(222, 48, 'Jaylan O\'Kon', 'Dicta magnam dolores aut et dolorem ad beatae. Quia voluptatibus maxime eligendi asperiores molestias eos. Corrupti quia incidunt est. Culpa laudantium vel et aut.', 2, '2022-12-07 07:05:43', '2022-12-07 07:05:43'),
(223, 45, 'Ms. Cathrine Luettgen DDS', 'Autem velit eligendi voluptas cumque explicabo vel. Voluptatem voluptatem magni doloribus placeat adipisci. Qui dicta sint neque sequi id culpa perspiciatis optio. Debitis omnis et alias explicabo sapiente occaecati.', 3, '2022-12-07 07:05:43', '2022-12-07 07:05:43'),
(224, 14, 'Margot Morissette', 'Voluptates commodi qui explicabo incidunt eveniet. Aperiam fugit alias est ut est. Repellat voluptatibus culpa pariatur eligendi libero veritatis voluptatem.', 5, '2022-12-07 07:05:43', '2022-12-07 07:05:43'),
(225, 21, 'Mrs. Alexandra Huel I', 'Officiis maxime optio sint tempora assumenda velit. Itaque omnis cum quia officia repudiandae et assumenda. Et sed praesentium rem et distinctio perferendis mollitia. Harum qui ut adipisci libero eos dolores commodi.', 4, '2022-12-07 07:05:43', '2022-12-07 07:05:43'),
(226, 29, 'Dr. Mina Baumbach', 'Ipsam velit id iusto expedita unde. Sed quo a magnam alias soluta itaque vel recusandae. Repudiandae quia reiciendis adipisci aut voluptate adipisci odit.', 5, '2022-12-07 07:05:43', '2022-12-07 07:05:43'),
(227, 34, 'Vladimir Ritchie', 'Modi quia quasi neque ad minima nam et illo. Distinctio et itaque est minus et asperiores. Architecto aspernatur assumenda minus ut cumque aut est. Fugiat itaque perspiciatis sit rem possimus. Deleniti tenetur dolore excepturi.', 1, '2022-12-07 07:05:43', '2022-12-07 07:05:43'),
(228, 12, 'Miss Edwina McClure Sr.', 'Eius consequuntur expedita aut perspiciatis aut necessitatibus et ipsum. Provident consequatur animi aut quia officia. Velit adipisci et iste veritatis repudiandae. Aut fugit perspiciatis optio ea aspernatur.', 1, '2022-12-07 07:05:43', '2022-12-07 07:05:43'),
(229, 40, 'Dr. Herminio Altenwerth I', 'Sunt aut mollitia qui ut consectetur mollitia et. Culpa saepe odio eligendi saepe. Ducimus hic voluptatem reiciendis sed quod et. Voluptates ut quasi adipisci suscipit saepe tenetur voluptatem. In alias ut autem non fuga qui quia.', 2, '2022-12-07 07:05:43', '2022-12-07 07:05:43'),
(230, 26, 'Jerrold D\'Amore', 'Voluptas tempore non molestias. Sed autem quis soluta aliquam est animi repellat. Illo officia beatae consequatur dicta.', 3, '2022-12-07 07:05:43', '2022-12-07 07:05:43'),
(231, 24, 'Devan Tillman Sr.', 'Perferendis beatae est aut error iure vel error inventore. Voluptatem et doloremque eos labore excepturi porro et. Necessitatibus dolorum non magni quam. In dolores excepturi saepe eos.', 5, '2022-12-07 07:05:43', '2022-12-07 07:05:43'),
(232, 29, 'Emerald Bins', 'Aperiam hic ut fuga quia consequatur similique. Autem non harum quo rem doloribus. At aliquid velit voluptates enim delectus. Laudantium dolor veniam veritatis eos corporis et quia.', 5, '2022-12-07 07:05:43', '2022-12-07 07:05:43'),
(233, 11, 'Christ Hackett', 'Odio voluptates vel eius nesciunt commodi id est. Alias aperiam cupiditate in alias. Ipsa dolorem accusamus harum ut.', 1, '2022-12-07 07:05:43', '2022-12-07 07:05:43'),
(234, 11, 'Randi Ferry', 'Consequatur vitae beatae voluptas tempore nam. Sint a et qui ducimus illo soluta et atque. Inventore nobis expedita molestiae quas aut. Atque repellat ipsa quidem et et.', 1, '2022-12-07 07:05:43', '2022-12-07 07:05:43'),
(235, 2, 'Elbert Cole III', 'Aspernatur cupiditate laudantium cumque id rerum. Praesentium laudantium autem voluptatem praesentium dignissimos. Quia at nobis porro inventore sint sit. Temporibus possimus adipisci sequi nobis.', 5, '2022-12-07 07:05:43', '2022-12-07 07:05:43'),
(236, 26, 'Mr. Vern Parisian', 'Et nostrum et officia sit. Optio explicabo sint quidem nulla. Tempora dolor sequi maxime officia sed laudantium. Quia eveniet deserunt recusandae recusandae.', 2, '2022-12-07 07:05:43', '2022-12-07 07:05:43'),
(237, 45, 'Vernie Nitzsche', 'Consequatur ut quia quo cumque necessitatibus voluptates. Ut suscipit error quia quo vel. Qui voluptas est enim atque.', 5, '2022-12-07 07:05:43', '2022-12-07 07:05:43'),
(238, 40, 'Mr. Alek Osinski', 'Cumque et provident voluptatem adipisci quod consequatur. Quis at aut explicabo suscipit dolor. Mollitia soluta non sed voluptatem.', 2, '2022-12-07 07:05:43', '2022-12-07 07:05:43'),
(239, 28, 'Brandt Metz', 'Necessitatibus incidunt incidunt ducimus at cum modi voluptas deleniti. Quia provident occaecati ipsa ut quo quam. Pariatur necessitatibus reprehenderit aut.', 5, '2022-12-07 07:05:43', '2022-12-07 07:05:43'),
(240, 43, 'Krystal Leffler', 'Ut rerum voluptatem magni error odit. Velit ex ut soluta. Itaque perspiciatis et et odio facilis.', 4, '2022-12-07 07:05:43', '2022-12-07 07:05:43'),
(241, 20, 'Mr. Robbie Hessel II', 'Expedita et sit qui laborum. Enim veritatis eligendi quia.', 5, '2022-12-07 07:05:43', '2022-12-07 07:05:43'),
(242, 13, 'Antwan Ebert', 'Officiis vitae eaque nemo eum ab repellendus. Nihil quos aliquid enim atque quisquam illo sapiente. Excepturi quam ullam molestiae error odio repellendus nostrum.', 3, '2022-12-07 07:05:43', '2022-12-07 07:05:43'),
(243, 18, 'Adah Legros', 'Aut similique aut pariatur rerum et officiis odit. Quia eligendi esse autem assumenda blanditiis repellat. Aut iste facilis sed nobis maxime qui reiciendis.', 1, '2022-12-07 07:05:43', '2022-12-07 07:05:43'),
(244, 43, 'Candido Weber MD', 'Voluptatem ab esse hic vel quia. Consequatur consequatur nobis numquam minima aspernatur. Et libero amet numquam ut et. Iure rem facilis error dolor ea exercitationem.', 1, '2022-12-07 07:05:43', '2022-12-07 07:05:43'),
(245, 9, 'Ms. Nayeli Runolfsdottir I', 'Ut iste quasi veritatis velit excepturi at vero. Quo ut quis ducimus sed voluptas. Ducimus iusto odit qui provident. Cumque et voluptatibus et quia illum.', 1, '2022-12-07 07:05:43', '2022-12-07 07:05:43'),
(246, 47, 'Dorothy McClure', 'Occaecati qui dolores aut quis cupiditate illum aut laborum. Ut unde similique corporis et. Maxime optio quisquam dolor delectus. Reprehenderit eaque sed in animi aut tenetur beatae.', 3, '2022-12-07 07:05:43', '2022-12-07 07:05:43'),
(247, 30, 'Jonatan Jaskolski', 'Quasi itaque blanditiis inventore ex vero ipsa. Quisquam itaque error accusantium quia. Vero ea mollitia ad.', 2, '2022-12-07 07:05:43', '2022-12-07 07:05:43'),
(248, 21, 'Henry Eichmann', 'Eos eligendi et mollitia est illo consectetur consequatur veritatis. Consequuntur atque aperiam et aperiam quia. Quis dicta neque fugiat. Maiores est quos alias sapiente expedita pariatur.', 4, '2022-12-07 07:05:43', '2022-12-07 07:05:43'),
(249, 19, 'Edyth Kuhlman', 'Ipsa sit ipsa provident ad. Odio consequatur et quod repellat. Repellat beatae voluptas voluptatibus qui qui labore modi.', 4, '2022-12-07 07:05:43', '2022-12-07 07:05:43'),
(250, 11, 'Breana Jerde', 'Culpa esse velit accusantium vitae in. Sunt quo officiis aut. Ullam vero impedit quod eaque at mollitia corrupti. Blanditiis soluta explicabo ad autem voluptatem reiciendis.', 1, '2022-12-07 07:05:43', '2022-12-07 07:05:43'),
(251, 12, 'Gage Leffler', 'Cumque id eaque nam id velit sed consequuntur perferendis. Ut neque alias eos aut id rerum. Sequi non dolor officiis accusamus. Quo fuga praesentium necessitatibus modi incidunt quo.', 5, '2022-12-07 07:05:43', '2022-12-07 07:05:43'),
(252, 2, 'Rose Larkin', 'Sed iusto assumenda vero. Sint adipisci et eius. Voluptates tempore dolores sit nihil.', 1, '2022-12-07 07:05:43', '2022-12-07 07:05:43'),
(253, 33, 'Mr. Tyshawn Hamill IV', 'Sed assumenda est qui modi adipisci et voluptates. Aut perferendis sunt neque. Suscipit numquam fuga ea ad ut ducimus et assumenda. Et temporibus quod dolor necessitatibus corporis assumenda.', 5, '2022-12-07 07:05:43', '2022-12-07 07:05:43'),
(254, 14, 'Bernard Orn', 'Qui eligendi impedit incidunt fugiat sunt ipsa recusandae odit. At aut dolorem ut aliquid. Perspiciatis quas qui consectetur nulla. Facilis iure voluptas enim expedita quo omnis.', 2, '2022-12-07 07:05:43', '2022-12-07 07:05:43'),
(255, 26, 'Prof. Earlene Gorczany Jr.', 'Et nihil eum non est perspiciatis est sunt. Nesciunt quae repellat tenetur enim. Magni quaerat quod magni qui iste.', 1, '2022-12-07 07:05:43', '2022-12-07 07:05:43'),
(256, 39, 'Alessandro Morar', 'Sed recusandae tempora sunt laudantium et nisi. Quaerat vel ut et in et et sunt. Et exercitationem nulla sit. Odit veniam culpa vel fugiat sint quod. Sapiente nisi omnis iste autem.', 1, '2022-12-07 07:05:43', '2022-12-07 07:05:43'),
(257, 24, 'Myrtis Brakus', 'Praesentium porro vel doloremque est autem voluptas aspernatur ipsa. Blanditiis aut aliquam commodi et itaque reprehenderit fugiat voluptatum. Voluptas adipisci perferendis et et.', 2, '2022-12-07 07:05:43', '2022-12-07 07:05:43'),
(258, 6, 'Amya Stokes I', 'Inventore omnis adipisci exercitationem consequatur nisi laborum. A fugiat iure ab id magni voluptatem autem corporis. Eum soluta qui provident dolores et rerum adipisci non. Error dicta quo et.', 5, '2022-12-07 07:05:43', '2022-12-07 07:05:43'),
(259, 30, 'Dr. Loyce Hahn Jr.', 'Aspernatur qui rem nihil reprehenderit magnam. Dicta sunt ut sed. Ab aut aut sunt nihil laudantium eum accusantium.', 2, '2022-12-07 07:05:43', '2022-12-07 07:05:43'),
(260, 41, 'Jamie Brown', 'Dignissimos sequi reiciendis doloremque delectus. Quod ipsam quaerat aut corrupti a dolore amet. Adipisci voluptatem ut neque alias velit qui. Natus voluptas et animi.', 2, '2022-12-07 07:05:43', '2022-12-07 07:05:43'),
(261, 20, 'Eleanore Pfeffer', 'Eos ut quis quam consequatur cumque. Placeat pariatur ipsa cum soluta sapiente. Accusamus eveniet illum iusto.', 2, '2022-12-07 07:05:43', '2022-12-07 07:05:43'),
(262, 9, 'Prof. Johathan Bartoletti II', 'Voluptatum voluptatem omnis cupiditate ab vitae dolorem. Et debitis minus aut. Consequatur vel quam autem.', 2, '2022-12-07 07:05:43', '2022-12-07 07:05:43'),
(263, 22, 'Vivienne Ondricka', 'Repellendus quis ipsum sint. Accusamus qui molestiae sunt placeat est ea. Repudiandae vitae in sunt.', 3, '2022-12-07 07:05:43', '2022-12-07 07:05:43'),
(264, 13, 'Ms. Mable Boyer', 'Quo quos perferendis et eos est consequatur facilis. Nihil eius laborum adipisci temporibus et asperiores qui. Quia vero ducimus officia at error sed est.', 5, '2022-12-07 07:05:43', '2022-12-07 07:05:43'),
(265, 9, 'Green Rogahn MD', 'Sit similique porro est ut repudiandae. Laboriosam aspernatur inventore similique quisquam repellendus. Dolores illum necessitatibus hic quae eum nemo veritatis. Totam sit perferendis qui voluptatem consectetur nesciunt et.', 1, '2022-12-07 07:05:43', '2022-12-07 07:05:43'),
(266, 16, 'Celestine Morissette', 'Occaecati voluptatem temporibus necessitatibus consectetur voluptatibus qui a. Repellendus ullam animi dolores voluptatem. Sint voluptas sit cum possimus.', 4, '2022-12-07 07:05:43', '2022-12-07 07:05:43'),
(267, 2, 'Dr. Casper Turner', 'Quia qui modi unde. Minima autem est voluptatibus eveniet. Aliquam quae impedit animi possimus nostrum. Quam asperiores est et quia ipsam est.', 4, '2022-12-07 07:05:43', '2022-12-07 07:05:43'),
(268, 47, 'Dr. Bernardo Wuckert', 'Soluta dignissimos earum sunt accusantium rerum explicabo. Et omnis aut possimus praesentium voluptatem. Ut blanditiis distinctio nemo quasi minima non.', 2, '2022-12-07 07:05:43', '2022-12-07 07:05:43'),
(269, 47, 'Syble Macejkovic', 'Mollitia voluptate ex eos ut saepe labore nobis. Consequatur dolorem tenetur sed nam et et perspiciatis. Quas eveniet sed praesentium quia. Minus non quisquam et veritatis quis.', 5, '2022-12-07 07:05:43', '2022-12-07 07:05:43'),
(270, 47, 'Mr. Cameron Buckridge', 'Repudiandae debitis ut aspernatur ut maxime. Quasi inventore laudantium voluptatum modi quia. Accusamus magnam tempora accusantium vero aut accusamus repudiandae. Dolor aut expedita optio illo voluptatem et quae.', 4, '2022-12-07 07:05:43', '2022-12-07 07:05:43'),
(271, 17, 'Jackeline Stark', 'Totam repellat aperiam vel fuga unde et impedit. Culpa occaecati sit sed sit. Id inventore dicta adipisci consequatur.', 1, '2022-12-07 07:05:43', '2022-12-07 07:05:43'),
(272, 31, 'Orpha Lind', 'Consequuntur debitis sapiente ab ducimus repudiandae. Eius consectetur eaque reprehenderit quo quam. Ullam assumenda atque sapiente nihil quasi sit dolorem.', 5, '2022-12-07 07:05:43', '2022-12-07 07:05:43'),
(273, 17, 'Ressie Turcotte', 'Pariatur sit qui blanditiis soluta quos aut ea. Animi distinctio fugit molestiae. Ipsam quia et nostrum omnis velit. Unde expedita ipsam ipsam soluta earum molestias quia consequatur.', 1, '2022-12-07 07:05:43', '2022-12-07 07:05:43'),
(274, 45, 'Davion Ullrich', 'Nihil ut sint esse minima. Culpa ab ducimus sint temporibus. Saepe voluptatem maxime modi ut sed. Ut aut voluptatem non praesentium voluptatibus accusamus tempora fuga.', 5, '2022-12-07 07:05:43', '2022-12-07 07:05:43'),
(275, 4, 'Mr. Gerardo Maggio', 'Voluptate error minima laudantium pariatur. Et autem sunt vel at labore.', 3, '2022-12-07 07:05:43', '2022-12-07 07:05:43'),
(276, 12, 'Vella Jast', 'Voluptatem sit est voluptatibus id sed sed eos repellendus. Nemo vel consequatur temporibus qui. Quo accusamus ad eaque ullam incidunt eum sit. Optio iure sunt sed eveniet.', 3, '2022-12-07 07:05:43', '2022-12-07 07:05:43'),
(277, 18, 'Agustin Olson', 'Et quia non sint illo deserunt. Quos ea et animi voluptas. Et reiciendis harum a vel.', 2, '2022-12-07 07:05:43', '2022-12-07 07:05:43'),
(278, 35, 'Lonzo Zulauf', 'Dolores aperiam officiis inventore quaerat architecto quia. Dolore dolore consequatur repellendus aut qui et et. Dicta nobis non laboriosam aut qui quia architecto.', 4, '2022-12-07 07:05:43', '2022-12-07 07:05:43'),
(279, 38, 'Prof. Wilber Lockman III', 'Nostrum fuga ut dignissimos. Aut eius ipsum veniam. Autem expedita cumque quasi saepe.', 4, '2022-12-07 07:05:43', '2022-12-07 07:05:43'),
(280, 33, 'Quinn Emmerich', 'Voluptatum dolorem perspiciatis quae sint dolores. Quis voluptas cupiditate iste iusto modi sequi voluptatem. Dignissimos ad odit temporibus. Illo tempora nihil laborum quibusdam quasi ducimus omnis eum.', 1, '2022-12-07 07:05:43', '2022-12-07 07:05:43'),
(281, 14, 'Dr. Odessa Turcotte II', 'Est atque nisi expedita. In quasi mollitia eos adipisci possimus omnis minima nostrum. Eaque necessitatibus nulla ut vel tempore velit consequuntur. Repellat facilis id eos qui sed delectus facere.', 5, '2022-12-07 07:05:43', '2022-12-07 07:05:43'),
(282, 50, 'Bernadine Steuber', 'Ipsam quasi molestiae et et. Aut cum consequuntur cumque eum aliquid cumque. Quia nobis id saepe illo cumque perferendis quos.', 5, '2022-12-07 07:05:43', '2022-12-07 07:05:43'),
(283, 44, 'Amie Johnston', 'Fugiat aliquam eligendi explicabo consequuntur reprehenderit hic sit cupiditate. Nihil odio sit aliquam. Molestias voluptatem nam autem repellendus voluptas. Et consequatur blanditiis veniam. Doloremque vel et est et mollitia excepturi.', 3, '2022-12-07 07:05:43', '2022-12-07 07:05:43'),
(284, 43, 'Josefa Keebler', 'Et eveniet ea cupiditate necessitatibus qui aut. Odit non fuga est deserunt. Est repellat harum suscipit doloremque. Omnis at animi id nobis delectus occaecati dolor atque.', 2, '2022-12-07 07:05:43', '2022-12-07 07:05:43'),
(285, 4, 'Genevieve Feest', 'Ut voluptate sed nihil omnis est neque in. Eum nobis id et in sed molestiae aperiam. Ipsam commodi ex dolor vel qui. Qui sequi beatae dolorem maxime alias cum.', 2, '2022-12-07 07:05:43', '2022-12-07 07:05:43'),
(286, 21, 'Prof. Paolo Kutch DVM', 'Sunt aperiam recusandae quo porro. Unde ea modi accusantium consequatur aliquid nobis possimus. Aut dolor aliquam eos laudantium explicabo nihil similique.', 1, '2022-12-07 07:05:43', '2022-12-07 07:05:43'),
(287, 27, 'Aniyah Zemlak', 'Blanditiis quidem tempora nisi consequuntur enim ut pariatur. Magni suscipit nihil rem cumque ea. Autem sed est aut officiis. Et temporibus autem occaecati possimus atque iusto beatae.', 2, '2022-12-07 07:05:43', '2022-12-07 07:05:43'),
(288, 19, 'Dr. Faye Smitham', 'Est quibusdam beatae et iste dolore dolore. Laudantium repellat sit sunt ea adipisci. Deserunt earum unde rerum illum. Necessitatibus tempore ut provident quod.', 3, '2022-12-07 07:05:43', '2022-12-07 07:05:43'),
(289, 15, 'Miss Alivia Pollich DVM', 'Facilis soluta perspiciatis unde sed nesciunt quia nihil. Quo quae omnis sequi saepe dolor enim. Et officia odit qui eos asperiores. Voluptatem laudantium sit officiis rerum.', 3, '2022-12-07 07:05:43', '2022-12-07 07:05:43'),
(290, 48, 'Miss Carmen Lockman', 'Aliquam dolorem et numquam expedita vero minima. A sunt voluptatem autem. Eum sunt numquam rerum tempore sequi.', 1, '2022-12-07 07:05:43', '2022-12-07 07:05:43'),
(291, 48, 'Guy Schmeler', 'Qui magnam quibusdam qui aliquam voluptatum necessitatibus. Nobis dolor eos et excepturi est possimus possimus aspernatur. Provident ipsum commodi fuga.', 2, '2022-12-07 07:05:43', '2022-12-07 07:05:43'),
(292, 48, 'Lynn Cassin', 'Ut explicabo qui minus maxime tempora at consequatur quibusdam. Voluptatum totam enim impedit unde doloremque. Earum cumque dolor labore voluptas.', 3, '2022-12-07 07:05:43', '2022-12-07 07:05:43'),
(293, 9, 'Tristian Heaney', 'Sed saepe deleniti officia molestiae ut. Doloribus et dolor tenetur quibusdam. Voluptatibus est molestiae et in sapiente.', 1, '2022-12-07 07:05:43', '2022-12-07 07:05:43'),
(294, 4, 'Shayna Simonis DDS', 'Qui autem necessitatibus quo eveniet. Qui et ipsam ea sit. Sunt nemo ut quo expedita corrupti. Soluta ratione mollitia ratione.', 5, '2022-12-07 07:05:43', '2022-12-07 07:05:43'),
(295, 6, 'Mr. Marshall Dach', 'Aut dicta neque molestias maxime eos. Aspernatur aut tempora illo nemo id. Quaerat officia facilis at suscipit voluptatem illum. Vel beatae at corrupti iusto consequatur. Quaerat voluptas numquam temporibus.', 2, '2022-12-07 07:05:43', '2022-12-07 07:05:43'),
(296, 25, 'Marcelina Hintz PhD', 'Provident enim quam perspiciatis quae doloremque sunt. Saepe eum voluptas corrupti libero enim molestiae. Et enim qui perspiciatis amet sit.', 4, '2022-12-07 07:05:43', '2022-12-07 07:05:43'),
(297, 21, 'Dr. Jermey Koss', 'Qui similique molestias voluptas et quasi sit cumque adipisci. Est dolorem corporis non ea et necessitatibus. Cumque quis ut tenetur consequatur voluptatem. Sed cupiditate itaque odit accusamus magnam aut soluta.', 1, '2022-12-07 07:05:43', '2022-12-07 07:05:43'),
(298, 21, 'Ms. Amelie Leannon Jr.', 'Sit laboriosam temporibus veritatis non deserunt id occaecati. Dolores sed ducimus nihil eum unde. Voluptas voluptatem quas dicta sint veritatis consequatur. Ea temporibus laboriosam quam necessitatibus.', 5, '2022-12-07 07:05:43', '2022-12-07 07:05:43'),
(299, 50, 'Jadon Ernser', 'Porro qui aliquam veritatis totam ullam voluptates doloremque. Nemo rerum occaecati aut rerum. Et quaerat ut et similique.', 1, '2022-12-07 07:05:43', '2022-12-07 07:05:43'),
(300, 36, 'Vella Schimmel', 'Doloribus aperiam ex doloribus inventore beatae. Consectetur consequatur et animi voluptatibus dignissimos rerum consequuntur.', 3, '2022-12-07 07:05:43', '2022-12-07 07:05:43');

-- --------------------------------------------------------

--
-- Tablo için tablo yapısı `users`
--

CREATE TABLE `users` (
  `id` bigint(20) UNSIGNED NOT NULL,
  `name` varchar(255) NOT NULL,
  `email` varchar(255) NOT NULL,
  `email_verified_at` timestamp NULL DEFAULT NULL,
  `password` varchar(255) NOT NULL,
  `remember_token` varchar(100) DEFAULT NULL,
  `created_at` timestamp NULL DEFAULT NULL,
  `updated_at` timestamp NULL DEFAULT NULL
) ENGINE=InnoDB DEFAULT CHARSET=utf8mb4 COLLATE=utf8mb4_unicode_ci;

--
-- Dökümü yapılmış tablolar için indeksler
--

--
-- Tablo için indeksler `failed_jobs`
--
ALTER TABLE `failed_jobs`
  ADD PRIMARY KEY (`id`),
  ADD UNIQUE KEY `failed_jobs_uuid_unique` (`uuid`);

--
-- Tablo için indeksler `migrations`
--
ALTER TABLE `migrations`
  ADD PRIMARY KEY (`id`);

--
-- Tablo için indeksler `password_resets`
--
ALTER TABLE `password_resets`
  ADD KEY `password_resets_email_index` (`email`);

--
-- Tablo için indeksler `personal_access_tokens`
--
ALTER TABLE `personal_access_tokens`
  ADD PRIMARY KEY (`id`),
  ADD UNIQUE KEY `personal_access_tokens_token_unique` (`token`),
  ADD KEY `personal_access_tokens_tokenable_type_tokenable_id_index` (`tokenable_type`,`tokenable_id`);

--
-- Tablo için indeksler `products`
--
ALTER TABLE `products`
  ADD PRIMARY KEY (`id`);

--
-- Tablo için indeksler `reviews`
--
ALTER TABLE `reviews`
  ADD PRIMARY KEY (`id`),
  ADD KEY `reviews_product_id_index` (`product_id`);

--
-- Tablo için indeksler `users`
--
ALTER TABLE `users`
  ADD PRIMARY KEY (`id`),
  ADD UNIQUE KEY `users_email_unique` (`email`);

--
-- Dökümü yapılmış tablolar için AUTO_INCREMENT değeri
--

--
-- Tablo için AUTO_INCREMENT değeri `failed_jobs`
--
ALTER TABLE `failed_jobs`
  MODIFY `id` bigint(20) UNSIGNED NOT NULL AUTO_INCREMENT;

--
-- Tablo için AUTO_INCREMENT değeri `migrations`
--
ALTER TABLE `migrations`
  MODIFY `id` int(10) UNSIGNED NOT NULL AUTO_INCREMENT, AUTO_INCREMENT=7;

--
-- Tablo için AUTO_INCREMENT değeri `personal_access_tokens`
--
ALTER TABLE `personal_access_tokens`
  MODIFY `id` bigint(20) UNSIGNED NOT NULL AUTO_INCREMENT;

--
-- Tablo için AUTO_INCREMENT değeri `products`
--
ALTER TABLE `products`
  MODIFY `id` bigint(20) UNSIGNED NOT NULL AUTO_INCREMENT, AUTO_INCREMENT=51;

--
-- Tablo için AUTO_INCREMENT değeri `reviews`
--
ALTER TABLE `reviews`
  MODIFY `id` bigint(20) UNSIGNED NOT NULL AUTO_INCREMENT, AUTO_INCREMENT=301;

--
-- Tablo için AUTO_INCREMENT değeri `users`
--
ALTER TABLE `users`
  MODIFY `id` bigint(20) UNSIGNED NOT NULL AUTO_INCREMENT;

--
-- Dökümü yapılmış tablolar için kısıtlamalar
--

--
-- Tablo kısıtlamaları `reviews`
--
ALTER TABLE `reviews`
  ADD CONSTRAINT `reviews_product_id_foreign` FOREIGN KEY (`product_id`) REFERENCES `products` (`id`) ON DELETE CASCADE;
COMMIT;

/*!40101 SET CHARACTER_SET_CLIENT=@OLD_CHARACTER_SET_CLIENT */;
/*!40101 SET CHARACTER_SET_RESULTS=@OLD_CHARACTER_SET_RESULTS */;
/*!40101 SET COLLATION_CONNECTION=@OLD_COLLATION_CONNECTION */;
